reference_index,source_root,relative_path,source_label,source_name,cluster_label,file_size_bytes,sha256
0,malignant,zgsen093.jpg,5,Malignant,0,5538,af607e1ae37b958d840de6a7bf93589e41a944d7345341138cff3b0a53602fd5
1,malignant,zgsen100.jpg,5,Malignant,0,2974,c5bd4ea90c931399681276facb371a317b389aac4743e8e2b6b47c42511310a1
2,malignant,zgsen103.jpg,5,Malignant,0,3381,cad6fb7c5e9e49378c086c04463d6e7c1f0deee03249a0d9b2cf7dc449a14661
3,malignant,zgsen104.jpg,5,Malignant,0,5066,101768d807530a212b2ab5fd752237a4c8da6fa410b1f241fc28253a127ec881
4,malignant,zgsen108.jpg,5,Malignant,8,3261,f177ad95f1b2725a9681c86930f5e463791e9d58293c37d79c0bc4ea78992bb2
5,malignant,zgsen120.jpg,5,Malignant,0,7790,aa42637f293c84e3b6462becb056a863fe283ec327d5605ae5b87032f2395c8e
6,malignant,zgsen127.jpg,5,Malignant,0,4670,497ebe4df9406f169d952e5031e4a049dccc397872b9987d99d4c58f9604e560
7,malignant,zgsen128.jpg,5,Malignant,8,1661,82ea5d55afb9c76610d7921ed3b0b80f438c4c6c2011399e16e9b09d9227db05
8,malignant,zgsen129.jpg,5,Malignant,0,3474,f24f2e8d1884fae814a54f1ab5ea743080b64b3afab3000c24126d6a554e7ee1
9,malignant,zgsen131.jpg,5,Malignant,0,2567,1ad4af815a0275b63ab68f72296dd890cdc4a6da969543bf43b094be8aa05a50
10,malignant,zgsen132.jpg,5,Malignant,0,3064,3368cccf450730329250bdf74f71656b6a21394a94f1e855511c6b1ba002883d
11,malignant,zgsen144.jpg,5,Malignant,0,7417,2f9b4d52ca45bda47cf4e33c72acad6694b82589fc861fc9b1dd5dbe9a950fae
12,malignant,zgsen145.jpg,5,Malignant,0,4256,8e93169763c96ed7d885e22761edc6075313d9c1491b41d1f2649783db524fbe
13,malignant,zgsen146.jpg,5,Malignant,0,3611,0def072d335421a702fd6923df3d5ab8f2011fa054c9e9b49fe8c9ede7497665
14,malignant,zgsen157.jpg,5,Malignant,0,4204,a773cff41a7a09c3b898d6bfd9c0ca8d27cbfd590c18c68d23628bfbeaf7559f
15,malignant,zgsen159.jpg,5,Malignant,8,2718,3f3723e43a2b8196691ee4ffdf5063e6803e6760888a866b9730541b171554cc
16,malignant,zgsen160.jpg,5,Malignant,0,5272,d4f3f615b9f5bd4dfab5469de1c3afaeac16f029c9193261c065140edf58205f
17,malignant,zgsen162.jpg,5,Malignant,0,6682,616299cc8c566d0d43c2f2e2f202d9f1f4e47a1b83bf495e2852f4c42139b0e3
18,malignant,zgsen40.jpg,5,Malignant,0,3678,03e594a65f68b401efc20fadcefa59e9afc301b44251f4245cdd8d0b2feed5be
19,malignant,zgsen49.jpg,5,Malignant,0,8513,5f72fc6af9d591f541e2a287d2de2c55da3d028e96bba3ac8dbc70392d2f1936
20,malignant,zgsen51.jpg,5,Malignant,0,3005,52af6b1ed1f3bcfe0ccfaa51d4af1016720f0f7ff8963e518d9992a8c21da7cf
21,malignant,zgsen53.jpg,5,Malignant,0,1727,be14fc1d9acf85aebaff3bfa9c80eaa041aa2ad4f0749bccd73df2e70a18f9d1
22,malignant,zgsen98.jpg,5,Malignant,0,2916,e046da8a58121820d6f9981eeb77406ceade8f14ef43be73665d1eb4a44601f6
23,malignant,zgsen99.jpg,5,Malignant,8,5597,a83f30fea675ec241250338bcb7d0458be9477fdc0b6b349c802a4803c9d0f68
24,malignant,ccju.svs_ccjust11_10.png,5,Malignant,0,12562,06eed720d32627c69430c6d872eca5a858fd7c5d6dc46ea1ec528729730414f8
25,malignant,ccju.svs_ccjust12_11.png,5,Malignant,8,13404,c33cb6ad8f15265e868a6e06e4ce65367e7513ccf3ad2699b11ea69f77ca80dc
26,malignant,ccju.svs_ccjust13_12.png,5,Malignant,0,8797,7b5a6713d5494a805d7ff2aabbbe1e0236a9de4a84efaa6125885d87302d8145
27,malignant,ccju.svs_ccjust14_13.png,5,Malignant,8,18090,8ef9dd6e36e6aec1fa8317c5dcdd482f85d289f497ebfac72f4588c5c4c0edf1
28,malignant,ccju.svs_ccjust17_16.png,5,Malignant,8,9819,0a2f0552e9ce8c0fb34031ed0b7e91434d27f3d532dbd626a8b249b61fa223e0
29,malignant,ccju.svs_ccjust18_17.png,5,Malignant,8,10775,82432d1ea6f794d653e39981c4a8a2dc3e49e8100ce1dc143a844107a9a347e5
30,malignant,ccju.svs_ccjust20_19.png,5,Malignant,0,8039,f6136d68bae724c7669ffa9d3e9b8c2c7d0f9a68bf4f409f113a8ba077845339
31,malignant,ccju.svs_ccjust21_20.png,5,Malignant,0,19250,48b3c138824ae79cba4db3c06cf25d8473cfac9b60597a0fa99c736cd6d859be
32,malignant,ccju.svs_ccjust25_24.png,5,Malignant,8,17291,1e765b3fc31db190e3c473b926f14868adb77156ff4e20d6ab23fd6a55783d79
33,malignant,ccju.svs_ccjust27_25.png,5,Malignant,8,17234,1dd8fd76638638c0cb28e82455fdfa28788e54b082f767fa6cac5c68b882c55c
34,malignant,ccju.svs_ccjust2_1.png,5,Malignant,0,13811,8aa306dc778e95453265206980d901925810e1818101ff1a5044f1df41f00833
35,malignant,ccju.svs_ccjust30_29.png,5,Malignant,8,11981,8bccdf531d5f059a2421fde292127f85c33b998e508510392dc481c18d32e09c
36,malignant,ccju.svs_ccjust31_30.png,5,Malignant,8,15587,b0f356fc96b34c2dd51bc6d2770d1b8275c168f0219d1d41221ff97c3e88596b
37,malignant,ccju.svs_ccjust32_31.png,5,Malignant,0,13057,d9e319912268b70cd991eabbe0f589ec727c544717a992be55005540ba70a341
38,malignant,ccju.svs_ccjust33_32.png,5,Malignant,8,12607,35adb0dd2b10918e4bfb8cf7806c5893a2e8275cb465bea604e8eb8229d6e3f0
39,malignant,ccju.svs_ccjust35_34.png,5,Malignant,0,17349,d390bb5401dae8cc73f1074a05e30269efe4a494192b1de426f4f9f8470492e1
40,malignant,ccju.svs_ccjust36_35.png,5,Malignant,0,24382,53908e4fc7fce7a6426f69a47cd2de105ab4da83fbcb2c0a87682947e2ed9ec8
41,malignant,ccju.svs_ccjust38_37.png,5,Malignant,8,15013,c464e00681686fdda11d0601d7bef7f640ff4d321041428f210c0b2ee47790e8
42,malignant,ccju.svs_ccjust40_39.png,5,Malignant,0,26345,1e1596749e1ec25f041e1b534de41a665a8b1ca4d99adf2aee301c6de6366d8a
43,malignant,ccju.svs_ccjust42_48.png,5,Malignant,0,14651,8b9f9fbc150dbbd00a65118d458a2a2799d504e5ebd83d9c5b1dcc88631bd8b9
44,malignant,ccju.svs_ccjust43_49.png,5,Malignant,8,11471,eb870f1cd8c747fb6384b7c1a24ada92a50be0879e5aa951cfaeeb17a2b16c85
45,malignant,ccju.svs_ccjust44_50.png,5,Malignant,0,15454,9f59af34e08881d89299eb30e133d79660ac7b728911eaefc8a52f131956d386
46,malignant,ccju.svs_ccjust45_51.png,5,Malignant,0,36794,c79d26510d281d933b566781d93517cb5913add0e24ec029773bd73a678f55f0
47,malignant,ccju.svs_ccjust46_52.png,5,Malignant,0,16210,4498600c1634ea9cd3660afb62d2345dba36f2f85826467fc0ae37d627a14b2c
48,malignant,ccju.svs_ccjust49_55.png,5,Malignant,0,12122,d322a289f877a63f8921f6d7dd70906be03e2b1705b530a2dbcc5154a394c6db
49,malignant,ccju.svs_ccjust4_3.png,5,Malignant,0,10030,b263f9442add08e0af4c2fe6a0b90881308dcadad0b7645576ce642a5902687e
50,malignant,ccju.svs_ccjust50_58.png,5,Malignant,0,17454,1b80c2c28777ddaa99d10710df4519d600eb02ad6ae54e24990312944322789e
51,malignant,ccju.svs_ccjust51_57.png,5,Malignant,0,14080,360d63ef980ef8ff487d9c75de3ce620bec29c66cf0c33f8b103698f7a0f8aa9
52,malignant,ccju.svs_ccjust52_59.png,5,Malignant,0,14695,4726fbac374d2afe9a7a3b402ca3d2ae7f3944704a6c8003c99e56c48f990bbb
53,malignant,ccju.svs_ccjust55_62.png,5,Malignant,0,17006,7e0dbbfa91eaea8fe30d59d8ca4bade562d5c9b96afc527cc7f3e0924b8dfa49
54,malignant,ccju.svs_ccjust5_4.png,5,Malignant,0,18870,ce374dfff26be3a7fe96d5ebe3537b4bfe3943b832a9d58a70c00259cea0e15f
55,malignant,ccju.svs_ccjust8_7.png,5,Malignant,0,21991,0fd718713faa85cec384840d2e4787a93888f7c48e93eaab26950398c25cf1a3
56,malignant,ftzhu.svs_ftzhust10_9.png,5,Malignant,0,16046,9ceb0d3e1bab7272b90bbdea3dfba75a1b480940cd6c8ec89c07d4ae13a28b22
57,malignant,ftzhu.svs_ftzhust11_10.png,5,Malignant,0,92038,857345aff82a7b64fddb06a0847db39c56df2def29937ca2f64ee63bd03b0b8f
58,malignant,ftzhu.svs_ftzhust12_11.png,5,Malignant,8,33774,addc99157fecdb7469ef64770d1847acbc80259867a32bfa9a200a2eef67d206
59,malignant,ftzhu.svs_ftzhust13_12.png,5,Malignant,8,7315,5c7a2bccb394f51b39456a2122fbdcbf01d1db5cd123157f0963cc17fa822979
60,malignant,ftzhu.svs_ftzhust14_13.png,5,Malignant,8,7000,7d5a6cd6c5c49c43160e2f3225df31a76a8639a8ae900daff2faf424269b7692
61,malignant,ftzhu.svs_ftzhust15_14.png,5,Malignant,0,6454,5f492db767b370f8f5a6a4d4f7a3d1fe4ab7bcfbea515812d315aa46fe524ebc
62,malignant,ftzhu.svs_ftzhust16_15.png,5,Malignant,0,8931,40403445ce348424546b54f33ce43e283af98a81524eff3605ebc9a742eb1029
63,malignant,ftzhu.svs_ftzhust17_16.png,5,Malignant,8,9027,2b3cf921767c423d9b49d4f7ab0e9eaa33201d4b9bb33cfff69ecd9697e43235
64,malignant,ftzhu.svs_ftzhust18_17.png,5,Malignant,0,121039,5ceafe7c603ab3d325f3b066c172bacbccecd6f3b7657f8922ffd8e08206ff61
65,malignant,ftzhu.svs_ftzhust20_19.png,5,Malignant,8,9147,8661370d0f7b04df7edd4921f60c91848426c3f455b0b4b4629c665fcfcb5480
66,malignant,ftzhu.svs_ftzhust23_22.png,5,Malignant,0,9925,bccfc68284e7031018fcfd463a66547ef06852149b6cf0ae88cd7ff1d64ebb0b
67,malignant,ftzhu.svs_ftzhust24_23.png,5,Malignant,8,58988,2fee33909bbbcc2d925a7fe8063f02224f0103a082422c5013839cdee4aaf265
68,malignant,ftzhu.svs_ftzhust25_24.png,5,Malignant,0,9651,84d4afd6492f9df722bdced5ab9ee3b92cb0a4cf2bff42658cf4bdbdf9787d55
69,malignant,ftzhu.svs_ftzhust26_25.png,5,Malignant,8,16872,2533f56c64e3b31ac1032e5423602d6bac4aada47b95a3e2b20aec859f7c9503
70,malignant,ftzhu.svs_ftzhust28_27.png,5,Malignant,8,11361,6672c31ee5bb445504f7abbcb29b3980a5a701ac64e72c15e40cd0499df16a5d
71,malignant,ftzhu.svs_ftzhust30_29.png,5,Malignant,8,9601,410974d9cb15be1ef19124551d2794eef1d95f3d87c1c77da50db28286a9a2c3
72,malignant,ftzhu.svs_ftzhust31_30.png,5,Malignant,0,10799,d49b81413785f720860985ef4996b46a3c18312b399021d617d774a5af084f4a
73,malignant,ftzhu.svs_ftzhust32_31.png,5,Malignant,8,19904,11ebce781c8fcc57f8b42376698b03b205bf47fbcb2f7dafd4234ce07546c9a0
74,malignant,ftzhu.svs_ftzhust33_32.png,5,Malignant,8,21396,554e9961249c867b04299dfb35e11939a33a15bc6c063221ab547d8d82832931
75,malignant,ftzhu.svs_ftzhust34_33.png,5,Malignant,0,27453,7c47ca4dd762e34b2716855c95dfb1fb5b5d29aac5cebe94a4287bc01ba17252
76,malignant,ftzhu.svs_ftzhust37_36.png,5,Malignant,0,11465,a85d545f383ee5a685a2e26ceccb841ae03f4fc40eab135a4d2af0dbf046546a
77,malignant,ftzhu.svs_ftzhust39_38.png,5,Malignant,0,20836,d9b32f252729adfaef128d29e7850a0765bd266c25aa05631dd32a853ef08ee6
78,malignant,ftzhu.svs_ftzhust3_2.png,5,Malignant,8,13161,934a3eccb6a2ac770723d301c8e4472736d47b03e793796e5f9be62d00f9f287
79,malignant,ftzhu.svs_ftzhust40_39.png,5,Malignant,0,12175,60c66d205780b02f65a8f5ecf04d537c54dc488ad06fb9f22bf98dc8539ab4fe
80,malignant,ftzhu.svs_ftzhust4_3.png,5,Malignant,8,6497,43520bf0f4159ea2a1e4753315df3962f8466e8b82a342baa466f5cb2d6e6cd1
81,malignant,ftzhu.svs_ftzhust6_5.png,5,Malignant,0,8146,ca18c66239cb90827bc9886a52454789d4b42cc1be5082ad52f005b546c83b3a
82,malignant,ftzhu.svs_ftzhust7_6.png,5,Malignant,8,25371,0065045297d1c361dd87e4da8cf5ff96bf60ef2620895173dd4b3bc9fbd11388
83,malignant,ftzhu.svs_ftzhust8_7.png,5,Malignant,8,22018,1783538fd838ed6d44b35fc6e58b48c3be95f834095b085fd390eb4e9a48f8fc
84,malignant,ftzhu.svs_ftzhust9_8.png,5,Malignant,0,22189,4f9d6aaa2939355c097005891fdbda1c119fc81f6663b13f52bba0ec1dc08b4e
85,malignant,GY_UR1.svs_GY_UR1_10_2.png,5,Malignant,0,11132,1fecc8ebd9ee969d76d4a626b5b77b0276074801adbd8ab88aa4284bbc60b9e9
86,malignant,GY_UR1.svs_GY_UR1_11_3.png,5,Malignant,0,12466,b8da1352bf04c0ed424437246bb3dcf41260da8d63d62f61ac14e20dd26249a4
87,malignant,GY_UR1.svs_GY_UR1_12_4.png,5,Malignant,8,10257,f707f18af0c6494db6271c07ecf10c9f63e2c76f7799591768d3c9e289cf58bd
88,malignant,GY_UR1.svs_GY_UR1_13_5.png,5,Malignant,8,8608,846a8b6790a2be645a78b225e5b632e8aed5f58f149050c92de26797aad980f4
89,malignant,GY_UR1.svs_GY_UR1_14_6.png,5,Malignant,0,16016,3f9e20c437a395026143cb77824e1f3d90bc70c24f56f64f79f6d8e600a0e307
90,malignant,GY_UR1.svs_GY_UR1_18_10.png,5,Malignant,8,12694,297a25b9feddcc0d71d4dee53ace100e831f86ecbed05d2003342cc76237bcf1
91,malignant,GY_UR1.svs_GY_UR1_19_11.png,5,Malignant,8,20257,7ef6d370a07fadc798751bbfbe5dcdc8e921fcac97fccb4278959f7d8a7afd99
92,malignant,GY_UR1.svs_GY_UR1_1_0.png,5,Malignant,8,13006,a75614ef586a1edbeb1a8034a9773d116bf40c44dd5ee221524f8a75271d7f15
93,malignant,GY_UR1.svs_GY_UR1_21_88.png,5,Malignant,8,10702,14dd8225dda582917895d1c04f3fa7d60b7e7e30947847291c8c1269df05ca26
94,malignant,GY_UR1.svs_GY_UR1_22_13.png,5,Malignant,8,12973,71653cec00744826e11dc73e741e047a997ad9ebaeee10428a3293dff8d33a4a
95,malignant,GY_UR1.svs_GY_UR1_25_16.png,5,Malignant,8,11320,641630ba20070ead49afac1dd40935e5d8459f2f3f48860a754f29a1452ac931
96,malignant,GY_UR1.svs_GY_UR1_28_19.png,5,Malignant,0,11540,c1b6dc81a0ed7b1b6c5b5f483b108b0e28ebb69efec1ad85d641282faea6c5e8
97,malignant,GY_UR1.svs_GY_UR1_29_20.png,5,Malignant,8,12995,f903bac5408eef186a260ede57cd0d35fa2bcaf4cb54d01472768a6e03e7269c
98,malignant,GY_UR1.svs_GY_UR1_2_1.png,5,Malignant,8,13209,0fe8f5fc470e8f468960935226220dae42352c7510029348414198fb45186e9e
99,malignant,GY_UR1.svs_GY_UR1_32_23.png,5,Malignant,8,9765,44723ad65529eef1f30612194eb7f18214de41c9c012aa1ccc66367053633a30
100,malignant,GY_UR1.svs_GY_UR1_36_27.png,5,Malignant,0,25709,a0030944c7512bcfa2599011916e135880d1ad83a88389ca833245560eeadee0
101,malignant,GY_UR1.svs_GY_UR1_37_28.png,5,Malignant,0,13058,04b9c0e72133f5fa57cc1d9fec4e82cfed4613b865788c22c4f433cd6377f273
102,malignant,GY_UR1.svs_GY_UR1_38_29.png,5,Malignant,8,20915,a626d599c2a37a02bd09c13027667bdfd52f9b7f355979da7c57fb2f8b8335da
103,malignant,GY_UR1.svs_GY_UR1_3_2.png,5,Malignant,8,14844,9c9e247d1f02f1167d674de979df67a873e14be60204b842fe4827029c3c33ed
104,malignant,GY_UR1.svs_GY_UR1_40_31.png,5,Malignant,8,14081,72828d90518f75e0a4ebbf75933db18144fa9192b127b2d7074966c2bd1358b4
105,malignant,GY_UR1.svs_GY_UR1_41_32.png,5,Malignant,8,14259,a43cde48a1676a9f7e518aad70cab2d2569c7f13b1856a427fbee24162da936c
106,malignant,GY_UR1.svs_GY_UR1_42_33.png,5,Malignant,8,14511,418892b97381dc28f273d4de1351f332fef342141206c54106907dcbbbb31a32
107,malignant,GY_UR1.svs_GY_UR1_43_34.png,5,Malignant,8,19652,20c4c9161ece5e8c103954eca2962b5dc1f6ac261ef08b1557fd13a98ea3300f
108,malignant,GY_UR1.svs_GY_UR1_44_35.png,5,Malignant,8,11383,3657c314508591727f38db169f4ea3bbd61165ddb97788073eebc0156a53be36
109,malignant,GY_UR1.svs_GY_UR1_47_38.png,5,Malignant,0,13402,9290f00737d683ce3d4c1fc2485791cf735fc9d81d6f1b2f323939bd1e397c62
110,malignant,GY_UR1.svs_GY_UR1_48_39.png,5,Malignant,0,14215,8c2c479bbd98bf89cfcd3a1673ef126c6410ffc6535a252002bd2c884a37d350
111,malignant,GY_UR1.svs_GY_UR1_49_40.png,5,Malignant,8,7639,686ffb6574f315ff6a002ead90671fb151529760ee51956f3601c306f8cc86f5
112,malignant,GY_UR1.svs_GY_UR1_4_3.png,5,Malignant,8,10501,3fe134b5603295896f16932d60bfd4859d533c1c98a4ee1f581d63388eeffbb7
113,malignant,GY_UR1.svs_GY_UR1_52_43.png,5,Malignant,8,7902,06a3e7fb1dd17c7bd150ee9e1c6696b18f521e89cbd9ae231cc2f8fa884a4197
114,malignant,GY_UR1.svs_GY_UR1_53_44.png,5,Malignant,8,11939,6c97299a55b3615f71f07b87c9d6f47df9368aa42b5aeedc9edb17e3e5569b57
115,malignant,GY_UR1.svs_GY_UR1_54_45.png,5,Malignant,8,7276,373c6e33b00ce9b741d2ec12d8af21d1ff6f6f013600e9222d67260a68497612
116,malignant,GY_UR1.svs_GY_UR1_55_46.png,5,Malignant,0,7969,86915ec89eade66a86d1e4517dc454e04764dacc35f52fdf845931a93bb0454e
117,malignant,GY_UR1.svs_GY_UR1_56_47.png,5,Malignant,8,11095,5263c93b0253f0dd615d2ed803026bef87f9ea7b78650fe72dd9ec27644267f3
118,malignant,GY_UR1.svs_GY_UR1_58_49.png,5,Malignant,0,9909,8d23e03a80fa8391b79421e9181022fca02335b6b82e529ba8f5433f2449fe3c
119,malignant,GY_UR1.svs_GY_UR1_59_50.png,5,Malignant,0,20955,4be1cf1caf3a179e5f06f778c12c696c5db3f5ca7c5ad00dcaeedc1e9574f6ad
120,malignant,GY_UR1.svs_GY_UR1_5_4.png,5,Malignant,8,9334,ec97b28b4ec48fab65081d8e3f2bfe260bf7e677a8ce3b3ff786eaa3a62e8f13
121,malignant,GY_UR1.svs_GY_UR1_61_52.png,5,Malignant,8,16455,d4af09e2c82633f6f105dd42e734ddd6b9252773260d661b1fae1c5615697b3c
122,malignant,GY_UR1.svs_GY_UR1_62_53.png,5,Malignant,0,14427,d289776dc0127fdb464f42c892329aaabdadf3f3753182da23ff129f9efbd6ae
123,malignant,GY_UR1.svs_GY_UR1_64_55.png,5,Malignant,8,14888,5e460b36aa0cfe55729210e81c3b64a4344081bf94c695c79d0641aca7973695
124,malignant,GY_UR1.svs_GY_UR1_65_56.png,5,Malignant,8,13929,d32c80921a5a48a7c9b662fec79f65f592b26a4cd2abc043238dd7c6ee0690d4
125,malignant,GY_UR1.svs_GY_UR1_66_57.png,5,Malignant,8,10702,ca6bbb436b2a8beea349e87f83b56b6d318d6a5176f372ef86ed3ac5a34029b6
126,malignant,GY_UR1.svs_GY_UR1_68_59.png,5,Malignant,8,14536,57ead6748192453c6d015b54f06b2bba6f874dc1060e2156540c7e4f6f9ec0d3
127,malignant,GY_UR1.svs_GY_UR1_69_60.png,5,Malignant,0,10194,832e568dca21b5b135dd86212a68936da1c5e3da4e147870fe18e9fefc448303
128,malignant,GY_UR1.svs_GY_UR1_6_5.png,5,Malignant,8,14526,635cb63df5f6ccdb5f34c7ee8f02e5578427b03e35ca0bf9985555f69d542169
129,malignant,GY_UR1.svs_GY_UR1_70_61.png,5,Malignant,8,9549,3a35370eaf535e1dba04724ac1d0c928ddc2efe4b091b7190bf0fcb8c1e6b50d
130,malignant,GY_UR1.svs_GY_UR1_71_62.png,5,Malignant,8,17027,1ec0f14bc221ffa2780ff8da2f79c10fa9dde3bf04bd765078b350ce146c143f
131,malignant,GY_UR1.svs_GY_UR1_72_63.png,5,Malignant,8,21129,e89ea883c28d4bdd02d34efb70cabc72b4762da44fb10f8a2ac8213ac51e0eb7
132,malignant,GY_UR1.svs_GY_UR1_73_64.png,5,Malignant,8,10955,dbf56a27b0f137ca63482ffa3137d0baa0992c6e800b7173e3fb4d383308b595
133,malignant,GY_UR1.svs_GY_UR1_74_65.png,5,Malignant,8,13246,d439bdf085ddeca2b82e8f4de0daa5231cae6afafa23e5dcd18e2c6c3c03e33a
134,malignant,GY_UR1.svs_GY_UR1_75_66.png,5,Malignant,0,11930,f2ece98f537938c56db3b6dd02b7a1af9c7170dcb295fa4c75c1b87477dba792
135,malignant,GY_UR1.svs_GY_UR1_76_67.png,5,Malignant,8,13961,22238b8cb2b2da5a010364e87c5e40a17e9f6cc23f064c70638e546913a16fe6
136,malignant,GY_UR1.svs_GY_UR1_77_68.png,5,Malignant,8,12089,4a2d3db0d675ec3aff3914fe9b04b7a0feadd4428962c074811527492b7e2b71
137,malignant,GY_UR1.svs_GY_UR1_78_69.png,5,Malignant,8,14561,ba91838923db26a2e3f576669779c20b1ed547589c843154e7901025e6d164b5
138,malignant,GY_UR1.svs_GY_UR1_7_6.png,5,Malignant,8,15964,adf1a8966d8477ba12ace58f8609399bd8dc1878b5c7de6b6a74aa6e534ca5cb
139,malignant,GY_UR1.svs_GY_UR1_80_71.png,5,Malignant,8,10701,4d5eb15381065c04424ebb7b5bc61758f4689463e4fc3158dffedc41d7cecb79
140,malignant,GY_UR1.svs_GY_UR1_8_7.png,5,Malignant,0,7943,2460fc069515cbbc9ab8061c468dd75df3701cd272388e2bcea1ce825c9def80
141,malignant,GY_UR1.svs_GY_UR1_9_1.png,5,Malignant,0,8064,d2d0ec13267acadb1beea29f142d00228d078e65f73661525b56995860a1dd1e
142,malignant,hxfang.svs_hxfang1ts10_9.png,5,Malignant,8,12155,2adab602bb34f240f781307f5f10e1886903875b5cf1ed0b09eefb2888138419
143,malignant,hxfang.svs_hxfang1ts11_10.png,5,Malignant,8,17599,17045eb658fa1ae000a4a085584856342cd6a5111d68fe200af985c055c3d4ca
144,malignant,hxfang.svs_hxfang1ts12_11.png,5,Malignant,0,10158,ab4e62c73f6a1b29651c6176453f23567c85430bf0d566d110ad55f969f7d463
145,malignant,hxfang.svs_hxfang1ts13_12.png,5,Malignant,8,10827,eaf8d9af381ce37c96dcb8b934054b315a888311e7758595fcec81292d585549
146,malignant,hxfang.svs_hxfang1ts14_13.png,5,Malignant,0,17649,e96a90759159b3fb64e62def3afef6dc1cdb53c5e80127274974af58254efb92
147,malignant,hxfang.svs_hxfang1ts16_15.png,5,Malignant,8,11668,d8a673719d125a0d0e4438c387426c67b0d9940fb90e0188035bf126a3c2ff72
148,malignant,hxfang.svs_hxfang1ts17-0715_16.png,5,Malignant,8,20330,0eee938cda3cfb2c50d408ebcf2fbbc57ab08306a3d5d33ae3645e164f4c8c9d
149,malignant,hxfang.svs_hxfang1ts18_17.png,5,Malignant,8,9590,f0c1a17de66da00a6363b65e5dfad3295ccc343bdf74de224514c5dd25a41980
150,malignant,hxfang.svs_hxfang1ts19_18.png,5,Malignant,8,12617,6398f5ddca459fc04e8ae5f728708f3887929bb51a60017cb99a216233f7f420
151,malignant,hxfang.svs_hxfang1ts1_0.png,5,Malignant,8,20238,b1bbdb98f27663c8b1ae1bc154f1bdda1ddcb0d29c8207f4c068fb494e0c6013
152,malignant,hxfang.svs_hxfang1ts20_19.png,5,Malignant,8,10107,af8d4b759bf91dc41620b8403569aa6656e2dd3abb83cda9db87f1ed77625595
153,malignant,hxfang.svs_hxfang1ts21_20.png,5,Malignant,8,18084,47b863fe0ce0ed68104427cfbdd4e6e3f298710ced2004e21a383ae7be518978
154,malignant,hxfang.svs_hxfang1ts22_21.png,5,Malignant,8,10523,e30a454f553a904dae77814be13e7101f7e5a75963a3f04f79e55f56e5854ffe
155,malignant,hxfang.svs_hxfang1ts23_22.png,5,Malignant,0,25957,790c2ea8e900cbbbef6216e3579b2282e63e8330830aefc5ec065081729f33d1
156,malignant,hxfang.svs_hxfang1ts24_23.png,5,Malignant,8,11723,17672c6df13bd646ae3c686834e4871a6233ed1b2848dbe4bc3565a8209fcd63
157,malignant,hxfang.svs_hxfang1ts29_27.png,5,Malignant,8,18716,0d683832aaec203c4ad42eddd73c5d58ed18047b67ae8c352ebf35b06c6c948f
158,malignant,hxfang.svs_hxfang1ts2_1.png,5,Malignant,8,32347,bfc9b772a8f9ac89a5ba28502d6e3d33ea248f74be76f6121f8ae2a66cd2a5df
159,malignant,hxfang.svs_hxfang1ts33_31.png,5,Malignant,8,9537,b26320f1369f939f0da1cbe358b05b49e8dec7f15b114563178e0d7043b3ff91
160,malignant,hxfang.svs_hxfang1ts34_32.png,5,Malignant,8,17379,996b0a41889afddca1b11fa433677beaeeb4b1960c353349307c84ca52e5ffb3
161,malignant,hxfang.svs_hxfang1ts35_33.png,5,Malignant,8,16224,7cf38c52cff08f4d231ea858c168ee6bb858a8b4c27b0add1a4ad6dd38b3e592
162,malignant,hxfang.svs_hxfang1ts36_34.png,5,Malignant,8,18102,2e16045a801b2b037d52207b37c4ac5a0126acf211aef14237b50b3ab9f215b3
163,malignant,hxfang.svs_hxfang1ts37_35.png,5,Malignant,0,16731,65f34bd268563e19a1ef06d7e9f02247e493e36fefa602bc41208993c85252f0
164,malignant,hxfang.svs_hxfang1ts38_36.png,5,Malignant,8,28995,0964a80826e660d017798bd7bc13d93085534741f7278efac244b3f85b71e3f7
165,malignant,hxfang.svs_hxfang1ts39_37.png,5,Malignant,8,15652,358bbc7f794527cdacdbbac82fd81a4a0b532ad4249317e1f48f8ea821035949
166,malignant,hxfang.svs_hxfang1ts3_2.png,5,Malignant,8,11361,c6cb299473f1dde77c52c0806d6792df224aaed0ea09516fc4d74b5ffdccc5ae
167,malignant,hxfang.svs_hxfang1ts40_38.png,5,Malignant,8,12258,b6a3b5227ee570071cb0763a2526a62123a13c7d68c65ee3f13fcea2a4b11f67
168,malignant,hxfang.svs_hxfang1ts42_40.png,5,Malignant,8,14255,297b37263ee0dc1f5410b7d5a5b5178757533c0ed2ea62cefe37a0d7a846e8bf
169,malignant,hxfang.svs_hxfang1ts44_42.png,5,Malignant,8,14838,4fa8fe7e3a6432ab16517e7d472438887e7a130df58c72f00a16e0a3bd973d0d
170,malignant,hxfang.svs_hxfang1ts45_43.png,5,Malignant,8,13849,abd3b6dec620d80f9ca91c456f5d937c419ebf42bdb71db6eab62507adb5199e
171,malignant,hxfang.svs_hxfang1ts46_44.png,5,Malignant,8,19582,8db889564eb35d9d07eda461f876eca46ce3b929916402d32ad19229e1b5b8d5
172,malignant,hxfang.svs_hxfang1ts47_45.png,5,Malignant,0,13749,99d6a108bb29adc92c0c88e42a0a3e2745b4e97548154328568f00dca0c4d881
173,malignant,hxfang.svs_hxfang1ts48_46.png,5,Malignant,8,12370,1592ac3023d3cafd525a9503806dc67d494874f5baf958c6a6aeb598a248e662
174,malignant,hxfang.svs_hxfang1ts4_3.png,5,Malignant,0,16601,377bafead934fe93892e46feca2bce35b4679dca817a2ccc6a08cd26f20ac9fb
175,malignant,hxfang.svs_hxfang1ts5_4.png,5,Malignant,8,14138,1c99efaa871bee22db3bd066cc61fdb411e61eb33e908dd924123d1858dda2b3
176,malignant,hxfang.svs_hxfang1ts6_5.png,5,Malignant,0,14278,bee4ac0a2e5e0d8e31baf33fbbe697d1ba120e55aab381962e02aa8240eb9e3a
177,malignant,hxfang.svs_hxfang1ts8_7.png,5,Malignant,8,8407,f4c45cef10d2e83e7ebfb4be65acf9d170b8e1e9e47d2c9e47d7ce42b52e466b
178,malignant,hxfang.svs_hxfang1ts9_8.png,5,Malignant,8,18041,5566436e5018dbb99d1463f46b9a4bbbc2d47343520ae43bedb196b9f93b42e2
179,malignant,hxfang.svs_hxfangts28_66.png,5,Malignant,0,14443,3d4e8785557d8cb993e0ffd799374de9185afaa4e1d084615f06389ee7aa494c
180,malignant,lsfeng.svs_lsfeng1ts100_pos_98.png,5,Malignant,0,20090,cf74bcc99d1c23b6e5db4939fab88b16d6c819255e38d6f22543e6bc63e9d038
181,malignant,lsfeng.svs_lsfeng1ts101_pos_99.png,5,Malignant,0,35696,187b18a45cc3d9fe203a7784799bc5d57966975c7595742626f965c23602ff90
182,malignant,lsfeng.svs_lsfeng1ts102_pos_100.png,5,Malignant,0,12145,ab85d529c4ff23c464aad57551eb819fc6e5ebce2a7f269e02aa741553808e64
183,malignant,lsfeng.svs_lsfeng1ts111_pos_135.png,5,Malignant,0,15052,cfaed8d14012c583d4c868056139b5304cd8bdddcf120b5e9033ac4f49a7a1f0
184,malignant,lsfeng.svs_lsfeng1ts113_pos_137.png,5,Malignant,0,12212,883542d9c941c4096c59385df9a3880d45ac21fc3f6d31b0b6dabbfb6c47a287
185,malignant,lsfeng.svs_lsfeng1ts114_pos_138.png,5,Malignant,8,8214,ea26385dcd848120ecfd418102496a991bb9cdacc06f0d4d4ca74e3148acb2f7
186,malignant,lsfeng.svs_lsfeng1ts115_pos_139.png,5,Malignant,0,9388,6994ea2cc968f6d5cab92529dacea01be573da06e453838557c5799ea39a5b37
187,malignant,lsfeng.svs_lsfeng1ts116_pos_140.png,5,Malignant,0,15011,a60986acb966004b934fa66bcaea09ef14242d497e8a42ae24b7b28d8fd7c48c
188,malignant,lsfeng.svs_lsfeng1ts117_pos_141.png,5,Malignant,0,10942,3d76fbd0a92e206ebd5da5692774a5bca2057ca4624ebf1e9ca8865788aefb3b
189,malignant,lsfeng.svs_lsfeng1ts118_pos_142.png,5,Malignant,0,14726,cd8a7c4d4aff6598a98eef1a92092fec193749bc3e0d9784e8a9528c4b9cd0af
190,malignant,lsfeng.svs_lsfeng1ts119_pos_143.png,5,Malignant,8,13231,17b9da15f8816805e056348b6e5f0b2e763968e52eb2b5fff7a929189b509c04
191,malignant,lsfeng.svs_lsfeng1ts120_pos_144.png,5,Malignant,0,26322,efdcffe01af2880379b0718e9075dd45cc1aace057cf74334903ed40e846aaf3
192,malignant,lsfeng.svs_lsfeng1ts122_pos_146.png,5,Malignant,0,15664,f60c274310ed848137a12ef37119a4228374a449adf216f70c9f1a712de1925d
193,malignant,lsfeng.svs_lsfeng1ts123_pos_147.png,5,Malignant,0,19151,579960e0d3f90a3898dfe92e75f23e90e38741aa5f7019558a806c3db8ef5dad
194,malignant,lsfeng.svs_lsfeng1ts124_pos_148.png,5,Malignant,0,25234,3a278ffbd4310570fcc4b0d645e7b1675adfbfd9f03e65656722eabcbda74c8d
195,malignant,lsfeng.svs_lsfeng1ts127_pos_151.png,5,Malignant,0,20725,0a55bd47960df64157556526694764bdab43e7fc1e11cf5d150d575f31642466
196,malignant,lsfeng.svs_lsfeng1ts128_pos_152.png,5,Malignant,0,21179,8ddc102deb7d7a16c7e2f595f0b7a09dd63474b443f434fda3f750354d219e09
197,malignant,lsfeng.svs_lsfeng1ts129_pos_153.png,5,Malignant,0,20389,b917328a8a1715dc209a4428d5c70784a5923778181a579cfc7233630d0e66f0
198,malignant,lsfeng.svs_lsfeng1ts130_pos_154.png,5,Malignant,0,33824,2e2bda97bfa8b69ba96c4cd908d7289f02f2f6b0fed1cb54daf40ae1ae072c00
199,malignant,lsfeng.svs_lsfeng1ts131_pos_155.png,5,Malignant,0,24141,6b394382fe04be10ceb79ef8b027f8f088d3994ecba849be169dccbf234f2b0c
200,malignant,lsfeng.svs_lsfeng1ts132_pos_156.png,5,Malignant,8,21211,3b2ba2ce219eecb915dd24493adde640d39241184fa0e82ceb43423600948036
201,malignant,lsfeng.svs_lsfeng1ts133_pos_157.png,5,Malignant,8,8979,f70800bc9393459aad9d47558d15bce2bd408be933f128e1f5be9c4aa2e554c6
202,malignant,lsfeng.svs_lsfeng1ts135_pos_159.png,5,Malignant,0,20547,cd46e17adc661e7a10e3769eb1984bcbc22080176a5887700d57ddcb6c367b33
203,malignant,lsfeng.svs_lsfeng1ts136_pos_160.png,5,Malignant,0,11960,7ec12148dfa96c4ac275bb9533568bd7fb2d8aa29f63015f92b6b36ad08513c1
204,malignant,lsfeng.svs_lsfeng1ts137_pos_161.png,5,Malignant,0,18939,c6158506d5d2cf4c8efcf00c9190f287f1679f4a7f4081da4a75ced7df9b4f19
205,malignant,lsfeng.svs_lsfeng1ts138_pos_162.png,5,Malignant,0,14622,45bc681062d04a253154b0eae146ee08105f964c2d119e20325cdb459ed724e2
206,malignant,lsfeng.svs_lsfeng1ts139_pos_163.png,5,Malignant,0,13321,68d55af91083d91343805ae4c4edef41a6fd49936283088268a03101ddb6b9bb
207,malignant,lsfeng.svs_lsfeng1ts80_pos_78.png,5,Malignant,0,17826,2e95ada1beb3eb514e90dcd883ca981e0487cf021bd46f47ccf0dc4010a94081
208,malignant,lsfeng.svs_lsfeng1ts82_pos_80.png,5,Malignant,0,20808,0436eeb3018fe516eeb58e172cc5e535121d5d8b1aff2c86dab26ebff6610357
209,malignant,lsfeng.svs_lsfeng1ts85_pos_83.png,5,Malignant,8,10396,6b0c6b1c8e1b1cbef612f279bbbc9558e77213a41d3f8df7831537db6a7b1002
210,malignant,lsfeng.svs_lsfeng1ts86_pos_84.png,5,Malignant,0,30361,6fe7a3efa0cf3c88cc46888ede98d8b601ebcd092fa50d2940a48768fc41283e
211,malignant,lsfeng.svs_lsfeng1ts87_pos_85.png,5,Malignant,0,23932,d0ba39e2a0db7745aabb8b81388ef8f45145584971e602e68c3c5d35deb4ee9f
212,malignant,lsfeng.svs_lsfeng1ts89_pos_87.png,5,Malignant,0,12376,886bba34f55baff0a7f81d53f7174a5281f7e0f7a2256bef54cceb247cc72d36
213,malignant,lsfeng.svs_lsfeng1ts90_pos_88.png,5,Malignant,0,15511,f44dc88011b3fdbbda0a055a26eb58cadab328604c0f335abdea1b231d5db46f
214,malignant,lsfeng.svs_lsfeng1ts92_pos_90.png,5,Malignant,8,13110,28b0a05b747cd47cb4ef7fe2e67ccd20c470df39f2e9ba98d40fb09f3190467b
215,malignant,lsfeng.svs_lsfeng1ts93_pos_91.png,5,Malignant,0,14095,12f897e18917e64a85ce1ad89e80376a541341d020774991cc4638ad1e6129a7
216,malignant,lsfeng.svs_lsfeng1ts94_pos_92.png,5,Malignant,0,9644,06d399c84e54ca475f1b1f35fc4b98d3589475e50187d2c44b60414c6b267478
217,malignant,lsfeng.svs_lsfeng1ts97_pos_95.png,5,Malignant,0,7657,b59d1960e1ea2d2962749856b67d8f0b48c71f591a8077ae0d735a3e75228368
218,malignant,lzyuan.svs_lzyuanst10_9.png,5,Malignant,8,7356,7b53f97381660e2d9b272c49e27db804705ef24fe17c84d22cfc5be5e7c9b7eb
219,malignant,lzyuan.svs_lzyuanst11_10.png,5,Malignant,0,9030,f5599678d2c79613876fceca172fa9b900fe3b15b3c4fa893efccc1515ae4dd3
220,malignant,lzyuan.svs_lzyuanst12_11.png,5,Malignant,0,10948,d3677966d612ef286a44f36d92ef87b0af0a01c8538e4f997c68606fb5fca8df
221,malignant,lzyuan.svs_lzyuanst14_13.png,5,Malignant,0,11920,3cf72e436c54ff803c1b6c83a0dbfc85dd75a044c1ea56bdb4a40aab213891aa
222,malignant,lzyuan.svs_lzyuanst15_15.png,5,Malignant,0,7487,029fdcca17162586ac739ebc2ce844993acf11627428cbbb165c79926701a8a0
223,malignant,lzyuan.svs_lzyuanst16_16.png,5,Malignant,0,5861,4ce449c5ae7f48ec99f39aeba91fa44cfc63daa31b80ee7381578a0de0dbb175
224,malignant,lzyuan.svs_lzyuanst19_21.png,5,Malignant,8,14654,8e8a79395a13a05b5b0606cf22a1a3c8fdf73b22d31cb8aa5b23c16eab3021b9
225,malignant,lzyuan.svs_lzyuanst20_22.png,5,Malignant,8,9822,eada45797af4735939289b3f2be140a086a7502c95854e203fb5b610ec85c81d
226,malignant,lzyuan.svs_lzyuanst21_23.png,5,Malignant,0,8382,d711bdb8a95323da96b900de7c72f7cdd004a9679d96f2f04a494af1e48291d7
227,malignant,lzyuan.svs_lzyuanst22_24.png,5,Malignant,0,13832,c25b7a544e65b80c6e96c96dba0f4991886ad5d64f9b516b4c7ab59ec249960a
228,malignant,lzyuan.svs_lzyuanst23_25.png,5,Malignant,8,9757,bd42f63afc61494b968226eee4676bcb45107c27b9681ffaae0a21865f6e9c06
229,malignant,lzyuan.svs_lzyuanst24_26.png,5,Malignant,0,10343,0185dfb63f49e65a8931691c9d44feed3e8827a7e709fefa82299bae77ede875
230,malignant,lzyuan.svs_lzyuanst25_27.png,5,Malignant,8,11174,e3f77614227a4d4fd72449ef594d7ad470b0f36492f156abdf8df60759555d94
231,malignant,lzyuan.svs_lzyuanst26_28.png,5,Malignant,8,8602,40071a390bcfb52bf67224baad7aea13fd019bcafa892e0f3f6307fbceead487
232,malignant,lzyuan.svs_lzyuanst27_29.png,5,Malignant,0,8682,b121106fb8ab5234f6a06548d0c776f083639bb4d2366cd26042ad2e356db5df
233,malignant,lzyuan.svs_lzyuanst28_30.png,5,Malignant,0,14185,fd80032e0af9a9fc715c77ed49a3fc17c1657c1f3f9e50fa7a0cd7ba55f34a31
234,malignant,lzyuan.svs_lzyuanst29_31.png,5,Malignant,0,11796,8ddd530e1cfd7a5f7f30fb8b1ff4eb33c83371e5a77a676fb4fa4b9e5013268b
235,malignant,lzyuan.svs_lzyuanst2_1.png,5,Malignant,0,10545,81dd9e1392dd837964ee65fda4b70eb2c230a47c3afac8efa29b3ca4a1d36590
236,malignant,lzyuan.svs_lzyuanst32_34.png,5,Malignant,8,8901,2b2112b4110f08a6f2ff8ad207b04689697d8661898438addcdb9359c13a99b0
237,malignant,lzyuan.svs_lzyuanst33_35.png,5,Malignant,0,9116,a69cd6e1441d0e6ed5a6134bbcf514ba111443520c85a203a9731204ea84bf47
238,malignant,lzyuan.svs_lzyuanst34_36.png,5,Malignant,0,9021,fb3b5199fba0d16503d636c74e68f271b1170e2fe4d8611aa4584d1cfd0475f2
239,malignant,lzyuan.svs_lzyuanst35_37.png,5,Malignant,8,18427,8c675aa1cb24622347fe9a148d27f9e56f43b512def4924431fcedc2945e14dc
240,malignant,lzyuan.svs_lzyuanst36_39.png,5,Malignant,0,30559,050e59d627c199bb0eef14e0681b656f21fc1076bf88ddf9813d0e6179a95ece
241,malignant,lzyuan.svs_lzyuanst37_40.png,5,Malignant,0,7322,4f082c445071807e8a2e95b0bfbbf90329689b3dd97a34074fb983f3d64883af
242,malignant,lzyuan.svs_lzyuanst38_41.png,5,Malignant,0,5721,1390deb90bf50de6f52d5d4c2f21f6504dcd5319990bdda9ee0de09add466d63
243,malignant,lzyuan.svs_lzyuanst39_42.png,5,Malignant,0,8522,1d8e4f396dbd277724923f2f2f64b98c17854462b464a7257f4b2794689211f4
244,malignant,lzyuan.svs_lzyuanst40_43.png,5,Malignant,0,8503,8323ee2d07eb112076ac50c666b0141393382539826404b1c5410558e754a337
245,malignant,lzyuan.svs_lzyuanst41_44.png,5,Malignant,0,11942,1388013bbc6c81000be1efff9a22e7f16b1e4aa94517ff29da98017574a6a557
246,malignant,lzyuan.svs_lzyuanst42_45.png,5,Malignant,0,17091,a184e82123288b4289a90d812f47aae0eabdb979b1957255484d99721300d535
247,malignant,lzyuan.svs_lzyuanst43_46.png,5,Malignant,0,10456,dc5502531d9dbe96aa045b5597322a6caa3960fd55068f87792f80af92cd264b
248,malignant,lzyuan.svs_lzyuanst45_48.png,5,Malignant,7,12583,384e0ae4d8256a9466fbba6e8f1bf8fbdb42aa8ba2b0a47e80629c8bdc74c547
249,malignant,lzyuan.svs_lzyuanst47_50.png,5,Malignant,8,8521,26d0ae36c53a35748ba8f3ce7dcc417d9e71ee4d7f84f324c9a9e5a6396d7f5a
250,malignant,lzyuan.svs_lzyuanst48_51.png,5,Malignant,8,9961,03c16749c36de0d43355c7711b54d41932f93c21d53285ffa2f607b947b359d0
251,malignant,lzyuan.svs_lzyuanst49_52.png,5,Malignant,0,11282,65e89edf4d3e88293650ded729702f5ba58b8bd53bfac0daba463a605641674a
252,malignant,lzyuan.svs_lzyuanst4_3.png,5,Malignant,8,9326,23a455769cb41d5073341393c7aa3efd4ecafb5dbe101c2938385de0aa1ec331
253,malignant,lzyuan.svs_lzyuanst50_53.png,5,Malignant,0,8994,d24216ef06b5d3e165d4e0a802c42a3fafcfa738ee955c80a04adbefbf8e9d3f
254,malignant,lzyuan.svs_lzyuanst51_54.png,5,Malignant,0,9473,1a2d22b3bb4ea70862b100b0cf2aa21560b79db4a1817969f6505f2f75366c39
255,malignant,lzyuan.svs_lzyuanst52_59.png,5,Malignant,0,12472,9e087db84f5c2a25d1f23b80d81a1f6cc0f1640e77e30160fa3389fede99b312
256,malignant,lzyuan.svs_lzyuanst53_55.png,5,Malignant,0,8148,1cbaeb058836a3693cd8c6c167a8a473897b0656992fd24c581bbaebacc26ee5
257,malignant,lzyuan.svs_lzyuanst55_57.png,5,Malignant,0,13772,7baf66d5b9825f18d887b98f129fbe0036be00e8eaed028faf9f062e50ea882f
258,malignant,lzyuan.svs_lzyuanst56_58.png,5,Malignant,0,6800,7308abb17e6de33160992c4abf13ef2d32a5fa63b10ac03e491e31718377de7a
259,malignant,lzyuan.svs_lzyuanst5_4.png,5,Malignant,0,8152,22790fdb3ad7d7208cf824f1b698dab8e70e582dc4d19f5a91782350c9646c1f
260,malignant,lzyuan.svs_lzyuanst6_5.png,5,Malignant,0,6859,e86c02746eb365912989c72027db5a7c83405a4a76ebd5308f2d3bc57e9d61a3
261,malignant,lzyuan.svs_lzyuanst7_6.png,5,Malignant,8,10200,c94647ebeff80e24fb6d4797e87485db48218603c150f8dd2237173a2da0849e
262,malignant,pyyong.svs_pyyongst12_5.png,5,Malignant,8,10682,4e974f94e328cc00cc486694df7162dc3b8a9b9775a63febd7f37e7662f9dd52
263,malignant,pyyong.svs_pyyongst15_9.png,5,Malignant,0,14804,e4bae490735c2ad4c15d86b12c48463cc9d0cdaf9b0d5ff46bcc4f0ab241e2b2
264,malignant,pyyong.svs_pyyongst17_11.png,5,Malignant,0,15981,6a11ec1ddc9a7bf0a12feb45f64c5408f77684cd0df47ce946a64be56cb2a668
265,malignant,pyyong.svs_pyyongst19_13.png,5,Malignant,0,10007,6759a592edaeaf8188f0489959b8915543708633ba812aa716b849d753a09a54
266,malignant,pyyong.svs_pyyongst21_15.png,5,Malignant,0,17457,4da68562c14b159ebaf2e1cd139674fefc1368c86564940c7767679b26920017
267,malignant,pyyong.svs_pyyongst22_16.png,5,Malignant,0,52028,9c399235450a272f03e6d3cbb57371d93e962f7ad5d2a0afd94549132341496d
268,malignant,pyyong.svs_pyyongst24_17.png,5,Malignant,0,14080,2fcb4412a4c17af40daa79855c75c8bf7de6349fc42c385837b9be846e501889
269,malignant,pyyong.svs_pyyongst25_18.png,5,Malignant,8,12360,6644fe51ac9a1ee2060e3d400278f09fe7fb239bb5969aaf0030e3d3023615f0
270,malignant,pyyong.svs_pyyongst26_19.png,5,Malignant,8,26117,c24787ded75c42040a5c36e0ea0f0d8e0b247068c4223d23731e4d638e60aacd
271,malignant,pyyong.svs_pyyongst27_20.png,5,Malignant,0,29758,5b792969e5eac2df276efbfd1b428611bba252c64c1100b4e32f46c9d3f1da92
272,malignant,pyyong.svs_pyyongst28_21.png,5,Malignant,8,12385,41aa636392b0b822624cf8a45579e2e22d62bd5ff5c0f64cf31de9d73e52898d
273,malignant,pyyong.svs_pyyongst29_34.png,5,Malignant,0,20815,c6da17d8460686d0a23a62b30c69b98486d22483b68eedebd1a7c6dcc8695a27
274,malignant,pyyong.svs_pyyongst30_22.png,5,Malignant,0,16312,6a553d7f603da1331d9d76b932c1e25fd3155f713d2c37f79505127db7116eea
275,malignant,pyyong.svs_pyyongst31_23.png,5,Malignant,8,12852,da4752b144f32d922814f5ad6c886ffb7f7f3bb1e3057afbeea181db930f8134
276,malignant,pyyong.svs_pyyongst33_25.png,5,Malignant,8,11218,dab03101a403d5a998dba18a3afd58bb7d3e0fa21b32ed950ecd4deb2e1ccc01
277,malignant,pyyong.svs_pyyongst34_27.png,5,Malignant,8,12722,c4d30d67201d28a575f79ca4e0692c5220874a3b090a307130ba9b077d6ffa4f
278,malignant,pyyong.svs_pyyongst36_28.png,5,Malignant,0,16886,b9d4fd78c8bb7abc778a1a91e6d047d86c7f0a191c650d225c9b69732d9f2f35
279,malignant,pyyong.svs_pyyongst39_31.png,5,Malignant,0,14274,a29823f312ae4dc5e1b62f66179bade846bc7fdc32f8e72e47017fdc5a7c397a
280,malignant,pyyong.svs_pyyongst41_36.png,5,Malignant,8,13376,066f3cbedb953f7d51c90b9d6b1fde5fd8305867b1111d24b992f323c3ce8800
281,malignant,pyyong.svs_pyyongst43_38.png,5,Malignant,8,16779,573d0fb4059685173c478ddbe25fbde56512a26f981d3333b2cce125e3cfa443
282,malignant,pyyong.svs_pyyongst44_39.png,5,Malignant,8,11741,6731ec3a85bed283450584ef8c0a9f03d3894ed3de086a9a3c0d378eb54ce90b
283,malignant,pyyong.svs_pyyongst46_41.png,5,Malignant,8,12130,a688c32884f641f20b4323104dd8a121982d7f44d33718d69e859b757c2860ce
284,malignant,pyyong.svs_pyyongst47_42.png,5,Malignant,0,26173,4606092a88bebbe210eb62231524ca7d6eb301f26b994a713f1d9fa59994fb01
285,malignant,pyyong.svs_pyyongst49_44.png,5,Malignant,8,18087,cc9ef0e905a36309ac2485b066258f5ebe1101b6391bb335a6df8728d780010c
286,malignant,pyyong.svs_pyyongst50_45.png,5,Malignant,8,24713,01b1a57287a5014841362cfec1c87c9eb1db632e116557bfdddeee104ebbcea5
287,malignant,pyyong.svs_pyyongst51_46.png,5,Malignant,0,10472,7e6ecf6c8b8c27dd7c66aaeb1badabd0fcd43219bd630ec61e2a26065203ab9f
288,malignant,pyyong.svs_pyyongst52_47.png,5,Malignant,1,16009,88ca7882d1469e6d0f78c4273b51b64c64a77218be4159c474c62cf16a180787
289,malignant,pyyong.svs_pyyongst53_48.png,5,Malignant,0,14367,8b79139fcf7176a673ef9c3eefc5e422aeacef1b070a7a5a37489b0e0e70c3fe
290,malignant,pyyong.svs_pyyongst54_49.png,5,Malignant,0,23417,4c3c029c31f9a1f40c84c52ef34213ee00fa929e1069cad61164bfc4f40ebde7
291,malignant,pyyong.svs_pyyongst55_50.png,5,Malignant,0,34393,ec0bc4da99ce0ee1a1798de2102bce50306fa1f78c89d0c2eeda44d9bced22cd
292,malignant,pyyong.svs_pyyongst9_0.png,5,Malignant,8,22121,316544f581fefa2c7813e29fc853482ccd40308f99af667006550466e0c784cd
293,malignant,pyyong2.svs_pyyongst1_0.png,5,Malignant,0,14244,8c18353e42f41670dd10c5fa87e881b2a53709acb368e533672328dc87ff3177
294,malignant,pyyong2.svs_pyyongst3_3.png,5,Malignant,0,9754,ba91af43696e08d51b463e796a18d9beea631e63701cb8e38f16f1332c54f1cb
295,malignant,pyyong2.svs_pyyongst4_2.png,5,Malignant,0,11437,f30da11d8526c8af0bb13472347a1055262e5df539c3059bf06cf8ac3452549f
296,malignant,pyyong2.svs_pyyongst5_4.png,5,Malignant,0,11616,ff154c22d2d35a278b1ab09669dc23ffba70d2a06dba27d4232cad2afcd36e50
297,malignant,pyyong2.svs_pyyongst7_6.png,5,Malignant,0,9053,a538d5875e72f984ac54025dd2102fe6767ad90f438f84acf62a88c410648c21
298,malignant,pyyong2.svs_pyyongst8_8.png,5,Malignant,0,22028,4a21dab43569ed7839f57d296c1b8d5fc77c4253045eb86a7acebdf39bf17586
299,malignant,SC-UR1.svs_SC-UR10_10.png,5,Malignant,8,15771,dc72e3db7138c6c4f20996669e53debdb6072791cd17a57bf835d1f387280883
300,malignant,SC-UR1.svs_SC-UR12_12.png,5,Malignant,0,15386,8c9f4e7397fd8c96195e7d8f4d39adb4685227c5237db28953b12be59f265a57
301,malignant,SC-UR1.svs_SC-UR13_13.png,5,Malignant,0,10546,bf72ac7c9c9bdc46ac143df0a3a0dabc84703f8d9ffcc45e1b5862fe68e2ee87
302,malignant,SC-UR1.svs_SC-UR14_14.png,5,Malignant,0,34561,e1b6f6dcd86ed6d96ee0fdaf1bba67014c6859670d29827d1d3a200839727337
303,malignant,SC-UR1.svs_SC-UR18_19.png,5,Malignant,0,20368,0394504ce3e93cc68cc0fa16ac3bc4c746d6db35d249ddeaee93a0820974dabc
304,malignant,SC-UR1.svs_SC-UR19_20.png,5,Malignant,0,30530,11c06720cc900155d70fd0dc0645e37b9f9a7d76fe02536017dac30a01402047
305,malignant,SC-UR1.svs_SC-UR1_0.png,5,Malignant,8,35973,ca01d09578edf2c6d4902de13e8241d2693449e1fe4e4add5ec551f3b0d209fc
306,malignant,SC-UR1.svs_SC-UR21_22.png,5,Malignant,0,22207,57d643bd8a6fec9a484b68586b6e4bb25b88b45f898bfc0395796e0c6ea5c703
307,malignant,SC-UR1.svs_SC-UR24_27.png,5,Malignant,0,18225,93d86ca5a8c69a164c26b01ba05c72912b114aea7a6620a8897bb5a9a2eb3d3e
308,malignant,SC-UR1.svs_SC-UR26=0922_29.png,5,Malignant,8,8991,8c51c42a1943a69882b9310d2932919b74b90ca686e82a9ba50fe0c96e6034f7
309,malignant,SC-UR1.svs_SC-UR27_30.png,5,Malignant,0,17736,513338f4525cd461696cd72af01d976003dae17f35ff43bdba4fc314482d53c5
310,malignant,SC-UR1.svs_SC-UR28_31.png,5,Malignant,0,11300,054f9dac7365219eb1954791ff134380b9f7a1edb6cc7943c59f046bc0db7ff4
311,malignant,SC-UR1.svs_SC-UR2_1.png,5,Malignant,8,20784,802bb4681cba56f1308e77e98370dd6d42e1c616cbf4f747721ced88c1ca4b0b
312,malignant,SC-UR1.svs_SC-UR30_33.png,5,Malignant,0,11961,ee12c0e1ebb251fbb59523d63dc4cce17de6b263da5216850623cf224df85dc8
313,malignant,SC-UR1.svs_SC-UR31_34.png,5,Malignant,8,14065,f63cb5aab30acba681471815edbfcda4a5e9b720ae92822aaa533afeebd6ac10
314,malignant,SC-UR1.svs_SC-UR33_36.png,5,Malignant,8,9512,ee64bf6d594c09eba1c7d257d9c1103417695431375adbf94ab78729eb81e79c
315,malignant,SC-UR1.svs_SC-UR34_37.png,5,Malignant,8,6488,5db329804eb36bbb04424cb699255e6d9a0fb2f8b0e0f65c67afa56dde73567d
316,malignant,SC-UR1.svs_SC-UR35_38.png,5,Malignant,0,36008,66e6632d766d651922860f5e7b61eb5523e2ed44018b845bac872b5dd83d3177
317,malignant,SC-UR1.svs_SC-UR41_44.png,5,Malignant,0,15031,d59d498b87bfbfb81e9a8ad3d1121c6a52c3f26d991f24c4248691248bac6b78
318,malignant,SC-UR1.svs_SC-UR43_46.png,5,Malignant,8,18876,76fe3f8e001711f0515a69559034fc2d20f1559e3d242f275df33585f8ff8efa
319,malignant,SC-UR1.svs_SC-UR44_47.png,5,Malignant,8,20205,6b2b4827d90b122ee8ee22aea0fba0e1afdbc659befe2b6b5c795ee9d26071e9
320,malignant,SC-UR1.svs_SC-UR46_54.png,5,Malignant,0,18091,337263a0111bdb2ad107255069a65889cbb38e8a80820120a0bc994146ec323a
321,malignant,SC-UR1.svs_SC-UR47_52.png,5,Malignant,8,16141,e10f759888c812ab4dc94b397b4f453fdab4530636b9849137405ed9d5517070
322,malignant,SC-UR1.svs_SC-UR49_56.png,5,Malignant,8,7166,eb06da40835a4c4f0b519dbe7223fcbc5e340db17cb4096baa858b07a8198f11
323,malignant,SC-UR1.svs_SC-UR50_57.png,5,Malignant,0,12456,652816bad7a4e1ce782ecaceac6c9b730e7db58a09caa1c6ad55367865a40d51
324,malignant,SC-UR1.svs_SC-UR51_58.png,5,Malignant,8,7861,36fc561ad017fc5b512b4a508182a060079b43d2b8a490cdb9e0af2052809874
325,malignant,SC-UR1.svs_SC-UR53_60.png,5,Malignant,8,15897,f857057fa0e837cb45ce2c7aa3ce7f0bb67e6427b763f37360f128eaf16b2f6b
326,malignant,SC-UR1.svs_SC-UR54_61.png,5,Malignant,0,17378,23b6960ba49e0e4891028f0b95c91e2519d1fc422f0bc1afd51dd15507570e26
327,malignant,SC-UR1.svs_SC-UR56_63.png,5,Malignant,8,11931,f57942e2034d376c94db38c7ab8dba4e2e9c5a8981a49b9ed96dc65107588fdb
328,malignant,SC-UR1.svs_SC-UR6_5.png,5,Malignant,8,31883,6c9bccc802337b65c7fc636787cdd3a49f89acc363b1bc87e3167eab2c755997
329,malignant,SC-UR1.svs_SC-UR7_6.png,5,Malignant,8,19036,bcc56e6bead5580492b278e92d970ff5df8a0f7e324e56fa2bfe8ba4eeb8744c
330,malignant,SC-UR1.svs_SC-UR9_9.png,5,Malignant,8,12535,d247286e8b67325f2b2eada560c089a1b0716e1fed8ddc37f3bd73dd3df01e1f
331,malignant,sske1.svs_sskest10_23.png,5,Malignant,0,17873,4c18a3b3e26b4c470b5af609cb1b28b54170eed5423b271a9244fb1fbd19631d
332,malignant,sske1.svs_sskest11_9.png,5,Malignant,0,37225,f7845d8fde708d9cce4ef23d392f2f5b12d787715e0f5360f6008caa7e58fb78
333,malignant,sske1.svs_sskest14_12.png,5,Malignant,0,25629,78164b28e4bdd880bf106be39d8c0d3b589f25693aecdc32e17d17e0482f89e2
334,malignant,sske1.svs_sskest15_13.png,5,Malignant,0,30070,460cdc2c0eb131fd481a9e4238b87b57fa06c2247ef8a915753db8293af497de
335,malignant,sske1.svs_sskest16_14.png,5,Malignant,0,15278,ad140501e9c6bb2a203a9122bcfa2e7ba1677020ab2c550b2b0fa98711b7504f
336,malignant,sske1.svs_sskest19_17.png,5,Malignant,0,17440,9b4b4bde980afcc6669ed624494b46c1a41a595c5c8a92baa991ad68006c2ecf
337,malignant,sske1.svs_sskest21_19.png,5,Malignant,0,31817,de45b8ee98d56820e9117d2859e5463fd4ec080e50d1aaf5ff10d29d01a11775
338,malignant,sske1.svs_sskest22_20.png,5,Malignant,8,11849,4c7b91bd9910871efe929e75200a478cb88fb2f496d0aced9b2f7d10732955f7
339,malignant,sske1.svs_sskest23_21.png,5,Malignant,0,25793,d05a84143342332d0bfe61dc38eb30ef1257655848b92699315f14b141720b14
340,malignant,sske1.svs_sskest25_24.png,5,Malignant,0,26097,575cf06bbb7b967706df0b7ccfbc48bd02e805ec5f57b3a72fbb09e929458dd0
341,malignant,sske1.svs_sskest26_25.png,5,Malignant,0,15562,b94be57660652be34105b4361ca6ae9d6a5fa8541e4fa6eccfd743665122bb7e
342,malignant,sske1.svs_sskest27_26.png,5,Malignant,0,26500,b2fc2bbed6aacc98f3be653e2a983f0d69819721ff26555ef13eeab216142d81
343,malignant,sske1.svs_sskest28_27.png,5,Malignant,8,21893,175686227dbe514309a87be571a16ee68a301105c39149396db817091ad5d723
344,malignant,sske1.svs_sskest29_28.png,5,Malignant,0,20976,bec917a577d2d09bd22b4e85d98f5faa7fdf5a5b5196201851540de327d09dbf
345,malignant,sske1.svs_sskest2_1.png,5,Malignant,8,29761,9e2ed3e31626f1ff69856fad4d0146729928a08fc1b5526ca5f678b6e242f8d5
346,malignant,sske1.svs_sskest30_29.png,5,Malignant,8,20731,32cced3b991f685402c28ed143f3fce0fad155137316c4838a8c5483314d2dd1
347,malignant,sske1.svs_sskest32_31.png,5,Malignant,0,18298,4d1187d5fe0864e39827f36aff105aeb94656213faeb477d2c2aa483e3f0ac00
348,malignant,sske1.svs_sskest34_33.png,5,Malignant,0,28487,30667f0d9344cdb86bc9ac7b642cefd08dda4cb7f5d15b182545c76690d94529
349,malignant,sske1.svs_sskest35_34.png,5,Malignant,8,28542,6a26ce27a84df5b8e4e71e7ec7a73cba840a7c36575747a4929ab05b61812b31
350,malignant,sske1.svs_sskest3_2.png,5,Malignant,0,30894,98c091e52c38bd6c529578caf7e4f788505cbc4e878b170aef4b3b256fd62df8
351,malignant,sske1.svs_sskest42_42.png,5,Malignant,0,35005,691e3fc88ab04f770113fec15709bd9d75726e3f93927924e7ceab0132212042
352,malignant,sske1.svs_sskest43_43.png,5,Malignant,0,11971,6c12cb15f0ddc8a1331a1ade0e1fb90465b7e8885663255d940d46f9857e0bc0
353,malignant,sske1.svs_sskest45_45.png,5,Malignant,0,20042,3c2630a40cf1bb564228c52a81888d2d7e5ab5b7d00861548d9c12bb097da366
354,malignant,sske1.svs_sskest48_48.png,5,Malignant,0,40869,99365b9efd16bed20a1822daa2740af344d4890b7edb9e8683e7a6e87b132a2b
355,malignant,sske1.svs_sskest49_49.png,5,Malignant,8,35197,d91690fb8042b91eb4f0a77a1c602709b61da966cfe7a34a52e33572543d90db
356,malignant,sske1.svs_sskest4_3.png,5,Malignant,0,33504,9717a49b412299246910186b61006a48aaca07e13bc42f3b892260e2630b3c0e
357,malignant,sske1.svs_sskest50_50.png,5,Malignant,8,28221,093dc475c446675b63ad168b2eb157dd0d55c6e39eb72f2544b9d704f620290a
358,malignant,sske1.svs_sskest53_53.png,5,Malignant,0,40008,7f4c018d181f873d5c99b74a4c17f2c652d09dd2ae1dc06426d8d8543624ee32
359,malignant,sske1.svs_sskest57_56.png,5,Malignant,0,29064,bb7e375086ec12c1ad0516f09594ed78ca4d1116ec8f688ba625bcbe2091faaa
360,malignant,sske1.svs_sskest59_58.png,5,Malignant,0,32097,ad44d7ae50e004df73a8fc73725ddc6c44b99a3616167e5e454b0ea233f32725
361,malignant,sske1.svs_sskest60_60.png,5,Malignant,0,19660,b6401193f7b5afaf2dc1aa7b7e8f2ec1115f203a2e26d1cb7b91de3c9ff5e827
362,malignant,sske1.svs_sskest61_61.png,5,Malignant,8,27784,24975c2a91e9f4f90db0d631a2e154de8174ab22c74213cb412d3fc81c2195b5
363,malignant,sske1.svs_sskest63_63.png,5,Malignant,8,21424,69b0871846df9224721acc9c0f0599b3752931c94d1121a9269e842cfa730568
364,malignant,sske1.svs_sskest67_67.png,5,Malignant,8,10065,6fc2b06a94febe824686c3cd0031adf9730e98f9ba88bf0ad235a5578c7d1bc0
365,malignant,sske1.svs_sskest69_69.png,5,Malignant,8,16582,d5173a4a62bbe5cd5c50f06f216511bd6aa6d0df735bc83b2a00b246c79c1519
366,malignant,sske1.svs_sskest6_5.png,5,Malignant,0,14448,57186fb2694d6d72fb3db3c9cea221144f77e83a815dcbf856d69420b9f9daa9
367,malignant,sske1.svs_sskest7_6.png,5,Malignant,0,20805,4e7ef2f0b6596e4e6ac7a64ecf1ae15dd6cf4ac732946d1559ede8dad8f7f0ed
368,malignant,sske1.svs_sskest8_7.png,5,Malignant,0,7765,5e46bfeba243abe4fa531d598c1bc089ffcd1fee154a05d7b819e8ac85b150d8
369,malignant,UR5_llhua.svs_llhua1ts103_101.png,5,Malignant,8,17940,5b4bd7eede308952c899785b82ad2cf4f81844e4d5b552956ddd06132ab75aa0
370,malignant,UR5_llhua.svs_llhua1ts104_102.png,5,Malignant,8,20563,33748d52bccd3da4586a76904277a58652cf1d6d9cff4dbf62d17fd57fc7fb00
371,malignant,UR5_llhua.svs_llhua1ts105_103.png,5,Malignant,0,6668,938bedea890fdba8964d2cb9ac9cff29750ff28025adfb9a8772c2418b82c843
372,malignant,UR5_llhua.svs_llhua1ts107_105.png,5,Malignant,0,21953,51d537e0d7f6c106bb538ac4619090801ee4a9ccbb8275009b616d67fa9bb3d8
373,malignant,UR5_llhua.svs_llhua1ts108_106.png,5,Malignant,0,25257,72898ddb0d4420f9b49ed8a4bab51b5a501a32f48707e5bd056766be7c46ef2a
374,malignant,UR5_llhua.svs_llhua1ts109_107.png,5,Malignant,0,38842,b18f36c7882c340e3275521c59d6499712370fad7019683ab0fb11c28dc544b9
375,malignant,UR5_llhua.svs_llhua1ts113_113.png,5,Malignant,8,16479,04ee8ebf11864bef89bbc0295af73a0932635feba9c50bfa8d3e5c023f44077a
376,malignant,UR5_llhua.svs_llhua1ts114_114.png,5,Malignant,8,13274,dfa7f1dd9583c05631ccdb95b382e901665e3947e6385ce009c55da990f77cfc
377,malignant,UR5_llhua.svs_llhua1ts116_116.png,5,Malignant,0,19335,1560829d4e1b887c33562aa69e549790d505281cc59eec9db4c7bb16c59926d7
378,malignant,UR5_llhua.svs_llhua1ts117_117.png,5,Malignant,0,16173,64e4b43409012fc6b79e8c155662f134c05773b13217cd90ad5cbe78502d0b6e
379,malignant,UR5_llhua.svs_llhua1ts120_120.png,5,Malignant,0,19143,3a677e0f12f920242bb6036cffc1c07b184e2b23a1cb5f89093c45985dc72e35
380,malignant,UR5_llhua.svs_llhua1ts122_122.png,5,Malignant,0,33284,10bf4fe4e892e81ade9cda016c74b1799e2e2db003b54cd15eaa9252302dee7f
381,malignant,UR5_llhua.svs_llhua1ts125_125.png,5,Malignant,0,14273,ba2c6d6da02c41be39c93d0e12ca76bdfe43889e7d99a2c2b9a09131b7a9a7b0
382,malignant,UR5_llhua.svs_llhua1ts129_130.png,5,Malignant,0,23539,034d5ffbe62e0fa89a515b1690dbc7a5502ce4b0138c0b3954d1bbe757f4a523
383,malignant,UR5_llhua.svs_llhua1ts130_131.png,5,Malignant,0,17352,85aca192724e5e0cfec16725d21ef6dc5f88e2a2e685a15a2f3648c9c4bed173
384,malignant,UR5_llhua.svs_llhua1ts156_160.png,5,Malignant,0,17515,6f2546303e5eb85aaff5a42fe5ede88874e270509367ac2bd0242c3483271c22
385,malignant,UR5_llhua.svs_llhua1ts159_163.png,5,Malignant,0,22391,b32273016922bc84a2617e77f962a177775c3dd45aa3df74d9e8d8e0ab94a624
386,malignant,UR5_llhua.svs_llhua1ts160_164.png,5,Malignant,0,19837,68eca1ce69730493d1ad9d3eac3eb589f906e918772def6c8d548f22bd215515
387,malignant,UR5_llhua.svs_llhua1ts161_165.png,5,Malignant,0,18512,5b01bcffe7e1cc0d24a16171fbecea8d909fde45910c1e8cde71d1a66325b903
388,malignant,UR5_llhua.svs_llhua1ts162_166.png,5,Malignant,0,18751,fe47daba79791fbd9fd47936531e1b0a1d0fe11b95951ace03dabb78e208d62c
389,malignant,UR5_llhua.svs_llhua1ts163_167.png,5,Malignant,0,21486,446ea8038b7294c8c4e0d75f2c2d575caa8aea28b74507d116d7f8bf30d986ce
390,malignant,UR5_llhua.svs_llhua1ts164-0513_172.png,5,Malignant,8,17430,3baf4c210ff24fd4a70fe5a7ad775b8ce2b4f6c290cb11aa759d084ae0c42cd8
391,malignant,UR5_llhua.svs_llhua1ts166_174.png,5,Malignant,0,14034,6815edeef6daf429e52c3454925cee3f8766aeb305ee91ed1b20b023f2b34097
392,malignant,UR5_llhua.svs_llhua1ts170_178.png,5,Malignant,0,19701,d48df2d6191c5d235e8fd51fbc043e074a4077bc2e5c2263531846485e586dc6
393,malignant,UR5_llhua.svs_llhua1ts171_179.png,5,Malignant,8,13868,6b0f3e240a4d9a94add64f6db52815ae05d8b662a80ebb66cf33aee3eb9df8f7
394,malignant,UR5_llhua.svs_llhua1ts173_181.png,5,Malignant,8,18292,2127de9effda092301fb6617ab37d3cb61a874386d7b447c243cbd6a7f0a36a5
395,malignant,UR5_llhua.svs_llhua1ts174_182.png,5,Malignant,8,26088,d39c80a126be39e316e10da54b620ae7f6dce05741270a5ec73284fed2b763cd
396,malignant,UR5_llhua.svs_llhua1ts176_185.png,5,Malignant,0,15210,dbcfd02a60b9b1f26a17139c2a4a7dbe6e6831b4300dc1447f8a82ad4bfb3848
397,malignant,UR5_llhua.svs_llhua1ts179_199.png,5,Malignant,0,14631,1e7b8220941f8d9491660f2de998854c9e0ddecc1d646cee01b201732ff1024c
398,malignant,UR5_llhua.svs_llhua1ts180_188.png,5,Malignant,0,19443,cc59bc1b47b835964fca116764677034a13baf2a75039a8d560f519db6b327c0
399,malignant,UR5_llhua.svs_llhua1ts183_190.png,5,Malignant,8,11719,a118ef99b9f101e768930b4ecf5251664e37c1d0179a7605a4497617468ee9f9
400,malignant,UR5_llhua.svs_llhua1ts184_191.png,5,Malignant,0,17733,89d38d8b4881e757103ce6d30382b861b505f86f1e45df549ae402b648cbfcd9
401,malignant,UR5_llhua.svs_llhua1ts185_192.png,5,Malignant,0,14967,6e94b43d82e4880e00b49afb5656b4508e8e59d38c591e180216d4d06a9fb671
402,malignant,UR5_llhua.svs_llhua1ts186_201.png,5,Malignant,8,14108,9d2a0eb6275035dc17c73ea7d87d56bec3b8d4f436952481f2408a64c61904d3
403,malignant,UR5_llhua.svs_llhua1ts187_193.png,5,Malignant,0,19881,16687fed0cfa87501432fa6d39e585b8d954fe65085eed039b100c4e5d5b6236
404,malignant,UR5_llhua.svs_llhua1ts188_194.png,5,Malignant,0,25842,2eb996729d18571187ebf78e6f69604e5327afdc0792554236ead9bd70514466
405,malignant,UR5_llhua.svs_llhua1ts190_196.png,5,Malignant,0,22295,9d0f4e25c310e1693294891c95141476c7c5dd2a395ad3dd8a562da858f42413
406,malignant,UR5_llhua.svs_llhua1ts191_197.png,5,Malignant,0,18774,c0d051a1c735e27d23da051489e0efca42a0f187a903f38ff3824ad7705144f7
407,malignant,UR5_llhua.svs_llhua1ts192_202.png,5,Malignant,0,23512,75c02d6570504e549d6c91628d8fed41bbb5545fb691a72fa87add78d8f2dca7
408,malignant,UR5_llhua.svs_llhua1ts193_203.png,5,Malignant,0,22190,9a119b1fc66671af2cb135d8fe7fbbb61392a7e6959f23693482aefd5ff1478a
409,malignant,UR5_llhua.svs_llhua1ts194_204.png,5,Malignant,0,21120,2ed717e937f9202d6b16d2512a2bb90935442ce8e4b3b47b8af05a268e3e2195
410,malignant,UR5_llhua.svs_llhua1ts195_205.png,5,Malignant,8,17896,ae97742ee92349da2890ac5e8155a7cef0b0ae2ee0b560223776c5ac2448af55
411,malignant,UR5_llhua.svs_llhua1ts197_207.png,5,Malignant,0,17102,2b26718eaa372adec6e8c6aaa7e6ab1e969d8da7f95680971f042021e85fa423
412,malignant,UR5_llhua.svs_llhua1ts198_208.png,5,Malignant,0,13578,aa53ff165314e06edd7a53bbf91c82fe7a2584ecec875e1006ba41a50809f645
413,malignant,UR5_llhua.svs_llhua1ts200_210.png,5,Malignant,0,12885,e827fb215e0184a75dd8aa1e72e5f05094bc441a1bd9e21a6c0bbb39cf1f9297
414,malignant,UR5_llhua.svs_llhua1ts201_211.png,5,Malignant,8,15253,6318ecd671837e95d5f77fad06da65c4790f635f0161e2f849ee4a0b844ac2a4
415,malignant,UR5_llhua.svs_llhua1ts203_213.png,5,Malignant,0,21322,0345fb2a36ae9608ed7844e6ce3ab68d77995d1a780d148b35de5519abe5b7cd
416,malignant,UR5_llhua.svs_llhua1ts204-0603_214.png,5,Malignant,0,32061,e4c85a3828cc8eba5ff49b0c3bf9b91cecd4eb01276ce144e6db16d90d729716
417,malignant,UR5_llhua.svs_llhua1ts205_215.png,5,Malignant,0,19749,0a1395717f42ad4421134e1879c437b1de7b5cd9b33d3a79a5283dd7d6aef2fb
418,malignant,UR5_llhua.svs_llhua1ts206_216.png,5,Malignant,0,13925,e14172f01295993809b79ac0969a5863e1a1a44f6d6c1a82e99a77209e323742
419,malignant,UR5_llhua.svs_llhua1ts208_218.png,5,Malignant,0,15173,db19823189e25b0f7aad7157740cfefd78f99040125848fe2a9f8f03bdc59e80
420,malignant,UR5_llhua.svs_llhua1ts209_219.png,5,Malignant,0,25183,6e6692488e13aed7f0f8d9bf9b628ee4a6645a53ee685930d9bbf38ed3c1727c
421,malignant,wtdi.svs_wtdist10_9.png,5,Malignant,0,11744,b7aeca9ef651f5686d53ef9a4a0a2c86b0671441bae3527ef88ec4732c35c47a
422,malignant,wtdi.svs_wtdist11_10.png,5,Malignant,0,11557,f1d43a58067d16bd113d0ca4878ddc52424502fb714e11502e50331469ce40bb
423,malignant,wtdi.svs_wtdist12_11.png,5,Malignant,0,12006,c5632ffaa648960f8af6265e69bae4bdd30a7c5e70b83d24a79132888547d633
424,malignant,wtdi.svs_wtdist13_12.png,5,Malignant,8,25952,0ecd0073dc04f229086520b4cececbf40ffac0c342408ea97a6d124e0f77675b
425,malignant,wtdi.svs_wtdist14_13.png,5,Malignant,0,14257,ca6dd5bdea09b3d184f3a17093366d8158cba064f2368a520d180308eea3d049
426,malignant,wtdi.svs_wtdist15_15.png,5,Malignant,8,14618,95eb3e3ad256530b12b2309553bdc1b5b1b3220d18fad53a6dcad852c488d540
427,malignant,wtdi.svs_wtdist16_16.png,5,Malignant,0,40742,f528ae2335fd7b8ab50e54a765f4a60704d3c30e6ff7f642891e5a3cd4d68539
428,malignant,wtdi.svs_wtdist17_17.png,5,Malignant,0,29234,5ace2ed73d432847c007d65c260744f19531e75ac68755bd6492783da93aac03
429,malignant,wtdi.svs_wtdist18_18.png,5,Malignant,0,5955,501a78e72596119ac7b7728c400b63f76d24246a8cbafc752ba60fe217e64d87
430,malignant,wtdi.svs_wtdist19_19.png,5,Malignant,0,9995,4cc2f4a103e3ff587e5ddaa1ff84258cefe1befd31fdd139a0669ca433e5bed5
431,malignant,wtdi.svs_wtdist1_0.png,5,Malignant,0,29182,d7126ffe4353a962664b1fdf609ac69f215653b6698066c1b8624ed06f43c954
432,malignant,wtdi.svs_wtdist26_26.png,5,Malignant,0,6780,861f6b77ed9918e857be5770fcbfc3a2bdb6373b188cecf799b9424adc410da2
433,malignant,wtdi.svs_wtdist27_27.png,5,Malignant,0,13189,b888573f7388444b26d8046e5a4d1f0d3a3aa561e9acfc9ab32dc9175f1860ce
434,malignant,wtdi.svs_wtdist28_28.png,5,Malignant,8,9879,6ec084c5d8ae9ce48d2374db81317ae6687fba9ea2cc6fd500f84cf5d1f2c87f
435,malignant,wtdi.svs_wtdist29_29.png,5,Malignant,0,10467,596936a2ec815465a2ae859f425ba6e45b625d9500139b78498cb914e5f24c32
436,malignant,wtdi.svs_wtdist2_1.png,5,Malignant,0,8480,996eb027cfe7dc9c7bdd1b73a3443a73ca2df27edbb890bfac6f3a7b22e4a709
437,malignant,wtdi.svs_wtdist31_31.png,5,Malignant,0,13774,b2abb3a2c2fef7ae8b9a69dce292daaf649ddfe06b13b504c4bdc6ad3b5a0147
438,malignant,wtdi.svs_wtdist32_32.png,5,Malignant,0,12448,124ed61410979d8e084fb94fe14eb9960d8e0f2bf5857a2dee692213ae117a45
439,malignant,wtdi.svs_wtdist33_33.png,5,Malignant,0,13593,d09d3294e318b32914c1b1df56bcff24e034ec58df2347259cc65705bb9069fc
440,malignant,wtdi.svs_wtdist35_35.png,5,Malignant,0,13635,306ef39fae4feb46139134233be8f2c76f43e8309918640161b73081e66228fd
441,malignant,wtdi.svs_wtdist36_36.png,5,Malignant,0,16136,79e644b6e89f44ca1c47c5d4cf78adde84e997a1ddf7a9c839c3ade2fb985488
442,malignant,wtdi.svs_wtdist37_37.png,5,Malignant,8,15897,0ef819c51ac5fdb65363442e022d190a441a86d9bfa4c61e4c8b30118a81d218
443,malignant,wtdi.svs_wtdist38_38.png,5,Malignant,8,24987,b07515cc8b12fc163608637b018d0dde58401319c87ee2e3dce37dc8314fcc2c
444,malignant,wtdi.svs_wtdist40_40.png,5,Malignant,0,14697,491e4705c4b42cfcd15db21ddf9bfb55237d86da128181c7ae94779c1e43fa92
445,malignant,wtdi.svs_wtdist44_45.png,5,Malignant,0,10676,35e7c3663444491be3f2c6d4c6e132f4b99b870b336ad4afc48dcb5a4b7a2de2
446,malignant,wtdi.svs_wtdist45_46.png,5,Malignant,0,7085,fb84e70af182813f518030ec8c38a636f976850ca85a313e49ebbf616eb19942
447,malignant,wtdi.svs_wtdist46_47.png,5,Malignant,0,8513,661b53e1c1cb0d8c02842ae5d8a3383480bd697a99950a47cc8397f13d8a8466
448,malignant,wtdi.svs_wtdist47_49.png,5,Malignant,0,13789,2dc0ddc8c4a2efba01a312acfc9ab3b1be6ff6a4dc0ac9ecb3ca1ab30eb720ee
449,malignant,wtdi.svs_wtdist48_50.png,5,Malignant,0,9408,3730abef9d85870645173e24413550a7b7f715f0652e269db7e8b87892bbedc1
450,malignant,wtdi.svs_wtdist4_3.png,5,Malignant,0,10601,9faeac82dc62f56e88f0353b2e9f8dbdeafd26ec6ea3af3e9c339c160828ff0e
451,malignant,wtdi.svs_wtdist5_4.png,5,Malignant,0,18257,20cce4244d61ed92cc37b94426cc8add1d6d859a151dd9106f6362a962ba70ca
452,malignant,wtdi.svs_wtdist6_5.png,5,Malignant,0,26096,43555fdd3d25983d3cf05383c7598b26cbd35612bf2e48c70b8319db408bdf24
453,malignant,wtdi.svs_wtdist8_7.png,5,Malignant,0,23361,9b2ece556ff121842c1c6426d3532c1ad58164a82cc2d5dd98ab6aa8582a2a5c
454,malignant,wtdi.svs_wtdist9_8.png,5,Malignant,4,23227,9054cfdf0620630a38280c9b2a8309b0514c784e038fb014c190efbb50d3fbf9
455,malignant,xbwen.svs_xbwenst14_13.png,5,Malignant,0,67909,d1a40f978e6f3d3ad29058a8cfbd62a6e585fcc5cf54dc6906ab1233932b9b4f
456,malignant,xbwen.svs_xbwenst16_15.png,5,Malignant,0,90164,c0f8248dafd509ec5d2e493acb12f13681741683e7b5623e7cad1584a72f6f72
457,malignant,xbwen.svs_xbwenst17_17.png,5,Malignant,0,21151,5bcf249fa2ea3d350194618ca22f1637fe288a60c39b3bf69a4e8a1f7a58dc45
458,malignant,xbwen.svs_xbwenst1_0.png,5,Malignant,8,23684,1ea2a6db848833d307084cd81d09638bd98d84f454b2ccbd6115b06b7c2bc2fc
459,malignant,xbwen.svs_xbwenst21_21.png,5,Malignant,0,45643,aec18aa3e8d6ff517dc7f883aa602d24b7bde3292e809408df207e4936675abd
460,malignant,xbwen.svs_xbwenst23_23.png,5,Malignant,0,26166,b6ddc5a5537b6daf4bb118210901c460702029a532a2bc8a19043caa54f1a067
461,malignant,xbwen.svs_xbwenst26_26.png,5,Malignant,6,59972,49ca77e6cbff11ac57eda804194614604e971f63d69679f2d0dfe590fc89b7be
462,malignant,xbwen.svs_xbwenst27_27.png,5,Malignant,0,33228,ec322147b432ed3cabb18249bfc8015c09c2c61e6132e20f2318d1b7575b889e
463,malignant,xbwen.svs_xbwenst28_28.png,5,Malignant,0,56817,6760e9bc31aa1f411f100f52a7c9601695a8c44c873d35aaee15564ec5b2b47e
464,malignant,xbwen.svs_xbwenst29_29.png,5,Malignant,0,59727,ea701e4b816da1c69bea359613b4db7962e24cb5aff742d7cf86bd4387ec4521
465,malignant,xbwen.svs_xbwenst30_30.png,5,Malignant,0,20655,9ad18a717d5cb7c56887be6a4f83ecb9bdf4a11241239096828742189f1aa034
466,malignant,xbwen.svs_xbwenst32_32.png,5,Malignant,8,41805,19f4d320c2819c3fca1a94606feaa9c79a1e009273b182e8461e628567f35835
467,malignant,xbwen.svs_xbwenst33_33.png,5,Malignant,0,37011,89e297545371a9ae9fefab0d7f7ff2a2d0c37cf39ee8d154c40a1a156c65e790
468,malignant,xbwen.svs_xbwenst34_34.png,5,Malignant,0,34445,c64141d4fbecfc29c14b9bfff720e92d435ca04c8215afb3ace7f74eb2d5e1df
469,malignant,xbwen.svs_xbwenst35_35.png,5,Malignant,0,73117,e278404266826a0f63184f01702732469e4491f60f3e4810def01b57b1a9951c
470,malignant,xbwen.svs_xbwenst36_36.png,5,Malignant,0,26997,96c98aabc6c8a193bed81c313fd222a19704e3e9f48ebf8e10fac1d6dc4dacb3
471,malignant,xbwen.svs_xbwenst37_37.png,5,Malignant,0,27976,ccdb76ebd24987952f045f1a95bf265482140f89ad9c503938dd456e86f35076
472,malignant,xbwen.svs_xbwenst38_38.png,5,Malignant,8,41679,7098954d7ce6382914ba7cbe207ef96dcbbc957bbb26f4248ef36efe75349b15
473,malignant,xbwen.svs_xbwenst39_39.png,5,Malignant,8,24928,2e24db4b1797e04cc4f2cfecc24f255677712551d599a58be039145e4b9b9c3e
474,malignant,xbwen.svs_xbwenst3_2.png,5,Malignant,8,21186,94fc2fb27a952477df8062c4e92285ad8b1b11836a4cbfcf2fc2daca27eb1cb8
475,malignant,xbwen.svs_xbwenst40_40.png,5,Malignant,0,40819,d201781bcff773e667812d19a62b2e32ab21643b11ac1984a8857362e120538e
476,malignant,xbwen.svs_xbwenst41_41.png,5,Malignant,0,10795,5e34bd1f38c7483cf376836200289c3dfbf11ec2b16115020e9a09b042c444ac
477,malignant,xbwen.svs_xbwenst42_42.png,5,Malignant,0,27108,beb13ddf350f6ff32078a9b13bfa7769d3ec1774857f699c99d01c2dfffc5864
478,malignant,xbwen.svs_xbwenst44_44.png,5,Malignant,0,61205,8881876e6d35ec43951016be1d1eb473939b3ec6a22c43d35d2a5bb3f2a0a7dd
479,malignant,xbwen.svs_xbwenst47_47.png,5,Malignant,0,15530,71c3e6fb28bd25098c46696ca8556660d3e5a8dce0ea6e508777843016570bb0
480,malignant,xbwen.svs_xbwenst48_48.png,5,Malignant,0,17976,4af48e551078b7c1258325a9d8deb007e6f173f0dbd9308c30d58bb681fda5c0
481,malignant,xbwen.svs_xbwenst4_3.png,5,Malignant,0,30510,150fb519595d896dbd5ae4703afc2e42ad391647cdec1634f574148c3d4d3210
482,malignant,xbwen.svs_xbwenst50_50.png,5,Malignant,0,27155,ac82ca6a734087c8012fa04170970836f0efde4c3ca4049869ad7833144c2d60
483,malignant,xbwen.svs_xbwenst51_51.png,5,Malignant,0,24139,e52c5c3380ef00b2fdb18608ceca9f237b713984835ce0603f7ed19110075da6
484,malignant,xbwen.svs_xbwenst52_52.png,5,Malignant,0,23391,057a08574cbb42aaca1e43abcae55f064fe8c10e2317d2785d5247092563acc1
485,malignant,xbwen.svs_xbwenst54_54.png,5,Malignant,0,33977,07ad27273c02063f5b72c1f3c3b9324a128d06e7c449c4747690f8f520af7923
486,malignant,xbwen.svs_xbwenst55_55.png,5,Malignant,0,48049,9b2550e15b91144e6cb00be7bc860b57b4a7d42628c758dd3f398748c534d8bd
487,malignant,xbwen.svs_xbwenst56_56.png,5,Malignant,0,60217,3d00f528496d4ba44c0a5db07aff9561fab7415c948ba095a115b2e0e5a99eb6
488,malignant,xbwen.svs_xbwenst5_4.png,5,Malignant,8,24489,b8d5ea8902c62088336b5b15524998c5b4102bf4bee7a9bd62a90c0fb485fa85
489,malignant,xbwen.svs_xbwenst6_5.png,5,Malignant,0,30205,5efc421ea2d1b0bb0b1665fb4e06aec0d7ed5db260a8794e3e10d9a336d049f1
490,malignant,xwhong.svs_3381ts100_109.png,5,Malignant,0,8406,21fafeba7c9a643681b13baa9065b61253d6e992313d5c78bf9980e9aac39242
491,malignant,xwhong.svs_3381ts104_114.png,5,Malignant,0,18643,4e62446519c8b375c822869d2a5b7edd5ba2b7bd10a5f8f9f58c29f3325709ac
492,malignant,xwhong.svs_3381ts105_115.png,5,Malignant,8,11307,26d783478a01843718ecc54f4018eafe07488107e5f38f66fcaf89009f5077ce
493,malignant,xwhong.svs_3381ts106_116.png,5,Malignant,0,11828,b8d22be2ff444ad11e4fb4128f82c16f738074bf9f408b9360353b7a36b67a54
494,malignant,xwhong.svs_3381ts107_117.png,5,Malignant,8,22048,1b1d74b1c2699a1d08bbc02935c2d6903c86ac980fbb36daf29bec06b2640509
495,malignant,xwhong.svs_3381ts111_121.png,5,Malignant,0,12122,08340143c3c13308f022aefb3a08128e120fa9e6011d20dd455022593633a4f5
496,malignant,xwhong.svs_3381ts112_123.png,5,Malignant,0,51004,3574fcddc8e24baad2655b54e0124992a7a6fdfe3b40faa5f572f5148013c996
497,malignant,xwhong.svs_3381ts113_124.png,5,Malignant,0,7266,c8a4f0b21554aab9dfff9eceb91366cfab34e6f3e1f60b165ef9cf9e88d746cf
498,malignant,xwhong.svs_3381ts115_126.png,5,Malignant,0,15736,2beb180ed106df3683e0622c9f20e9e2eb33cff3af5d141069b7521d688bc588
499,malignant,xwhong.svs_3381ts116_128.png,5,Malignant,0,29346,d8e43b60e40ae0ca3091ec06656b85d80ef6ab6f0e1c03678273ab74a1938277
500,malignant,xwhong.svs_3381ts117_129.png,5,Malignant,8,14792,e283ca44dd57630997bf385ad58c0ca800d9813367397a46db3987173aef5e91
501,malignant,xwhong.svs_3381ts118_130.png,5,Malignant,8,9137,43de084e6c0dbe4901e6a83784afb43f678ab4a1d6e2f91a7ade214b429fb6ea
502,malignant,xwhong.svs_3381ts119_131.png,5,Malignant,0,8126,ab7bbe2e8cbadc19ad9b01be1c12c7481c86968fde795bbadbbe7d67c1bed3a0
503,malignant,xwhong.svs_3381ts120_132.png,5,Malignant,0,19426,fce4f9800d7d2c1c511fed921596e26cdab960ac525c0457ea42864dd78dc7ac
504,malignant,xwhong.svs_3381ts124_136.png,5,Malignant,0,11176,b4b633e30a066de1dd3cd90e7999064a63d995f922ed5bbecd7333ada70bf78d
505,malignant,xwhong.svs_3381ts125_137.png,5,Malignant,8,18452,826897456d160aefbe9608cec0f3b1bd49f50928c71c834eaf41a6a853bd2fe1
506,malignant,xwhong.svs_3381ts127_139.png,5,Malignant,0,29549,d7f7e1d2b6bd08750f76d3dc6a980f9965a466165a624c51a14f93934b912de1
507,malignant,xwhong.svs_3381ts128_147.png,5,Malignant,0,27689,7247e09008393e3dccf9298465e75626091ccc0a2efb1a30a7909144384041d5
508,malignant,xwhong.svs_3381ts129_140.png,5,Malignant,8,15698,2bb90c940bfa3f4554e97a637c72294fceaad3d53bcb1bbcce341d4044ac7f98
509,malignant,xwhong.svs_3381ts131-zhe_142.png,5,Malignant,0,10823,b9e505ee3d26a98c4959ca4beb2117340d4a999a528f260d11d60c1986130f43
510,malignant,xwhong.svs_3381ts132_144.png,5,Malignant,8,8186,7fab0e708da645a5e273119333cec15804ef3391dbab2ab6e85f4af139b4bb73
511,malignant,xwhong.svs_3381ts133_145.png,5,Malignant,0,18621,e1e9c13ea387a0a7d98799fe329eb336a72ad26fbb0d260f7f7cb4cb0feec5d1
512,malignant,xwhong.svs_3381ts135_148.png,5,Malignant,0,23348,4d4069f86c9434638c3218ec552334f1a1472bc9926e29cf9eb3bfbc8561280e
513,malignant,xwhong.svs_3381ts137_150.png,5,Malignant,8,15824,edea308a75ed4082198b0251149332c93e9c046a52adc09621ec17d9c78989f5
514,malignant,xwhong.svs_3381ts138_151.png,5,Malignant,8,23306,2df2abfabca0b5da858e0dfd2fd7ce61e9a00fd0d5035c87a759ea9f79c7ea0a
515,malignant,xwhong.svs_3381ts67_71.png,5,Malignant,8,12367,05d100980d342706b3e152bb405f8c32e5614a8253e5341854c9bf0360a4cd58
516,malignant,xwhong.svs_3381ts68_72.png,5,Malignant,0,6770,c3da1455d14e5b9210b3ed23186b19e4a84124d97c2832da45609e602d4e27fb
517,malignant,xwhong.svs_3381ts77_81.png,5,Malignant,0,8561,22df43aaa0f78371ef81a41abcffc9b82e8682f92432d09904a8a43d71160d39
518,malignant,xwhong.svs_3381ts79_83.png,5,Malignant,0,23896,545521f0dd636581868f78052e97dca4cd83d0d64cd58e5c9a8e41be081d1520
519,malignant,xwhong.svs_3381ts80_84.png,5,Malignant,0,18787,47ea35f620e85b24a2282f6c2c73a1eca561294fd258f36b9e8e8c42eb641f15
520,malignant,xwhong.svs_3381ts81_85.png,5,Malignant,0,12866,d0ccef72cb691707173b78b6c0bcc1fc003218542e176312aeb6b8acace1847e
521,malignant,xwhong.svs_3381ts86_90.png,5,Malignant,0,12353,869ba26d53ac765d547fd8cafd572396bf987a50d03793d367d3895a67d28f35
522,malignant,xwhong.svs_3381ts87_91.png,5,Malignant,0,26546,c3f3b86e202aa9d872487e7eeed859a47090299ef524f7901ce59f4218bd1192
523,malignant,xwhong.svs_3381ts88_92.png,5,Malignant,0,9195,68ef667c63a4ec739e720219d8dc9db2c050400fc1fe094332b216a989b023e0
524,malignant,xwhong.svs_3381ts89_93.png,5,Malignant,0,24012,1382fb93e056097d6691f1336b5b79d31fb619ddd3f5711dee3fdaae3131af3b
525,malignant,xwhong.svs_3381ts90_94.png,5,Malignant,0,22493,d8f6cb64ca0eba74fa7e814052710fb9dd50bb471c8cc82ab0688cf948f3492f
526,malignant,xwhong.svs_3381ts91_95.png,5,Malignant,0,46332,609387e67f8f1d5bf2eaa57173ad164c14ccd7d8f838eb9895f7f08fe20f3dd5
527,malignant,xwhong.svs_3381ts92_96.png,5,Malignant,0,24722,fa28d4dece9fa83719a887e3489d907d3f64ae764baa71ffb2c9e92e093a248b
528,malignant,xwhong.svs_3381ts96_100.png,5,Malignant,8,12707,335516b101eb3370c085c9bb0d7c08672138c30c981a1ddb11c1fb0b6b45aa22
529,malignant,xwhong.svs_3381ts98_102.png,5,Malignant,0,19447,5853617e7e722e7553f26be3dd6674975d46a3a607b26f27744cfc99c590bbdf
530,malignant,ymeng.svs_ymengst11_10.png,5,Malignant,0,7369,aa771989fb4ef80f77b32e1d2101e4599890ef0cc44835f95aa70dcb34449c8a
531,malignant,ymeng.svs_ymengst16_15.png,5,Malignant,0,11590,974b252272ef27ee3081011ed85db1048e3112950eac556bdb9401849b92fcbc
532,malignant,ymeng.svs_ymengst17_16.png,5,Malignant,0,8545,75225787a466f17a091d387a90ce619482ae3931789a20078409356d076cf199
533,malignant,ymeng.svs_ymengst20_19.png,5,Malignant,0,12904,7f7d069e9e32c6547f884b46b2315050413f578534be0d7f5a861c2a176cc772
534,malignant,ymeng.svs_ymengst21_20.png,5,Malignant,0,14519,ab1fa1906eb9430c06d5c22bb926f50c13fc222c8ecb0c33a22bf53a1715b7a5
535,malignant,ymeng.svs_ymengst22_21.png,5,Malignant,0,8631,4efcb228a6e774f66444375cebec8f15f60a6da420010cf8b93fce9c9007d425
536,malignant,ymeng.svs_ymengst23_22.png,5,Malignant,0,8879,ab9bd66cd385cfa596bdb0d1b1644cb7e8f18c2418b1f2bac35b4a376a949168
537,malignant,ymeng.svs_ymengst24_23.png,5,Malignant,0,7042,5ec5651ec1b43f376cb638aca4edb46aeeedc5eccda1009327e4d419d51c86e2
538,malignant,ymeng.svs_ymengst25_24.png,5,Malignant,0,13074,4e620730162a18a3eb2b7999e44941c321310c65ea4a4c342a1aa895c9414106
539,malignant,ymeng.svs_ymengst26_25.png,5,Malignant,0,8123,0ba5d7eab22e009cb3cd1ee349547eb856551671cce8a6eca4769fbe6fa1d846
540,malignant,ymeng.svs_ymengst27_26.png,5,Malignant,0,11288,0b5563030acd28c6ad0cee468ff759f621a84751f48d58ae6c5c68e86dbf58c8
541,malignant,ymeng.svs_ymengst28_27.png,5,Malignant,0,18405,837bc75152108187c3a827bce753cfccb9403b15cc1942649652775c21c25b1e
542,malignant,ymeng.svs_ymengst29_28.png,5,Malignant,0,13577,bf30f055edd54e07a2450cdad85144d5d24f1c27e62c1a6a28213d7e0edc3b93
543,malignant,ymeng.svs_ymengst31_30.png,5,Malignant,8,9614,e1e3fcc8bdb2c3aa252cd223f44d46109e7c9985e2c6d793786fa0db145aaff5
544,malignant,ymeng.svs_ymengst32_31.png,5,Malignant,0,12779,de9c5ba0cf263fca8f48df9874d78e35293eebbce8c5396428c33c260f372180
545,malignant,ymeng.svs_ymengst35_34.png,5,Malignant,0,6461,d993135b6299c365f0ce6a90993c6794882465a7bfe1c61f5a9458c5a4c30c24
546,malignant,ymeng.svs_ymengst37_36.png,5,Malignant,0,9728,8ff92d2ea49cb0a0773699d4354a6e747d05701903d0a50e5abdce264dc7181d
547,malignant,ymeng.svs_ymengst3_2.png,5,Malignant,0,10204,8ebbd07e54fd4263f27cb1ae116bcfcc515f806992793e8e126a55d2e736153d
548,malignant,ymeng.svs_ymengst43_41.png,5,Malignant,0,8955,03b2b6776c1368f8a77d5a9f2dd8653b33f9705115b12c3a34a307251e9ba4c0
549,malignant,ymeng.svs_ymengst44_42.png,5,Malignant,0,19507,8b9975b7e4bebd67f970aa6b4322c47982483cdbce3c225695ceb6a4a8f61370
550,malignant,ymeng.svs_ymengst48_45.png,5,Malignant,0,29056,614ca49d874476b1a97989189cff2ea23842021afda657cb038753c25f0f2f7c
551,malignant,zgsen124.png,5,Malignant,0,53763,59ea61800e725b7cf1d06a8c2e3caaf10b3654ec1e211e810c86b5922b210b73
552,malignant,zgsen126.png,5,Malignant,0,38823,93e7b156b527a0e7a74c6d8feeecc7bae4a28b4bd0b7998c833f35c971f31fac
553,malignant,zgsen141.png,5,Malignant,0,31714,7b901eba8d1a931fd59ea71a67553d58471234c025ef6ccc4bf0d6388c2b7972
554,malignant,zgsen142.png,5,Malignant,0,27951,bd7ba3b22c4063ce899f9da638e98ac558a4ede17be82108e254fc7f0bfdd4b8
555,malignant,zgsen147.png,5,Malignant,0,39847,8b763ed9f73cc8f4a87c8dceb55bed3ad0ea613eff2e4a63a4f4875468bf126d
556,malignant,zgsen163.png,5,Malignant,0,53016,9d7e1f55782cd06c57ac816828ed40dee522032afa0305429a95a8d69579fc0a
557,malignant,zgsen164.png,5,Malignant,0,44604,8dc3bcec66faf5ce599205dfe30ab6765724b224e2f10440457f4d1576898541
558,malignant,zsming.svs_zsmingst13_12.png,5,Malignant,0,11765,ae92dfc4b95439363b61a903f22c6326cec57ca5eb2616fce0060ad1f5639c25
559,malignant,zsming.svs_zsmingst15_14.png,5,Malignant,0,8624,ef4f9c6e6a53e06b3351dd29f54c8a4ff90e321b51fc55d065c64121ec37e503
560,malignant,zsming.svs_zsmingst18_17.png,5,Malignant,0,19189,893fbccd03a6c83fa05e876aecbaa08ac3b2a6ee9698bc5f2183b4f667fdaf53
561,malignant,zsming.svs_zsmingst1_0.png,5,Malignant,0,28110,9af54738f77a6eec953c397516030db6f7d36b8cb551208a79e644deccf7fa9c
562,malignant,zsming.svs_zsmingst21_20.png,5,Malignant,0,31667,ca21bf5602afcb9a016ae900667f819e96512e1f7af4c0b653abeea1c0e4b309
563,malignant,zsming.svs_zsmingst22_21.png,5,Malignant,0,11023,f4dd89b06a45712a8ca917ea8b620031ff22e38679ae7b9098166481fb3e257b
564,malignant,zsming.svs_zsmingst23_22.png,5,Malignant,0,15777,9a05ccdc7d00498767e233a87bd4a4f0bebc27307f91d42f478e6597d2ab39ed
565,malignant,zsming.svs_zsmingst27_26.png,5,Malignant,0,24394,a80148302cf581b97fa4f9558d783d535ea500fde1beed3dffecd27fdb9c9369
566,malignant,zsming.svs_zsmingst28_27.png,5,Malignant,0,22284,9250bbdcf1e9c0edf0e7667a7427dfa05af33723d41fe7ce95ac1235948febaa
567,malignant,zsming.svs_zsmingst29_29.png,5,Malignant,8,15653,c2553d09cb2f120bc778ca79eb481f13bb5f5d52585b933fc5187c0ad1bb61c4
568,malignant,zsming.svs_zsmingst2_1.png,5,Malignant,0,9090,7cf654cfb632e1f086ee858eaef2a6b0ebe1fbbe539990927284b9e8a290933e
569,malignant,zsming.svs_zsmingst31_31.png,5,Malignant,0,25995,3d9a113b470eb7db5882df731a214ae2fd5c5598d3693adc1f1222505f94cccd
570,malignant,zsming.svs_zsmingst32_32.png,5,Malignant,0,28658,d42b5e8dbc51d2c263febc49d51a6151ee089555b83e2d3a1951180255d57403
571,malignant,zsming.svs_zsmingst38_38.png,5,Malignant,8,18518,621cdcef20fc22bcd4435129760eae22463ed50650dee46c0fc64e4a67b70682
572,malignant,zsming.svs_zsmingst3_2.png,5,Malignant,8,10795,f9026996bb680364afce3229c608033695875415aea5824615f24671b146c56d
573,malignant,zsming.svs_zsmingst40_40.png,5,Malignant,0,15046,fedab478cf73e8d50ba8e38ed162df7487669d06f90d202aad1ffe2704fa8e15
574,malignant,zsming.svs_zsmingst41_41.png,5,Malignant,0,25072,95f6fb9d1a0453f483727515b2c2095e1be71a609b4bbdaa033b3aa99e02efa6
575,malignant,zsming.svs_zsmingst43_43.png,5,Malignant,0,15560,1911c03cc058d3fb86f0db4e1989fc05ba15a8af670f2382445295c8411a2021
576,malignant,zsming.svs_zsmingst44_44.png,5,Malignant,7,21872,e84600a0cc403e0ca9fa350e9da7725eb0d43264cf63480a0d68e43c307f9512
577,malignant,zsming.svs_zsmingst46_46.png,5,Malignant,0,20724,3e13080941a1c79ce8af157f6a80ae2751fce84277addc3716d9862891f1fca7
578,malignant,zsming.svs_zsmingst47_47.png,5,Malignant,0,20926,3b18ffc19f61765ea0211c34216666344534fa53bb4fb10570067042ad0e3eaf
579,malignant,zsming.svs_zsmingst48_48.png,5,Malignant,0,30035,eeff00424d5bab80d64e8555526945c191ef9f6210f54b6c1647d10dcf7db466
580,malignant,zsming.svs_zsmingst49_49.png,5,Malignant,8,11266,03cc1282b36f80632c0c953edb111ef2e48ce4b1464b3d2e6574216cdbda207c
581,malignant,zsming.svs_zsmingst4_3.png,5,Malignant,0,15259,e184cdce5297087983933bf9513a3388f23ab48cb3ccc540ecda72cdf0290f09
582,malignant,zsming.svs_zsmingst52_52.png,5,Malignant,0,19715,476add6886bc4aae5fa66333df113e706ad648c8437c307ff75881c873fc3efd
583,malignant,zsming.svs_zsmingst54_54.png,5,Malignant,0,30021,ccc397c3b093ec0b09825da4ec9eb8e29d1c35637d3e6b39f24c28b6b55e967a
584,malignant,zsming.svs_zsmingst55_55.png,5,Malignant,0,37709,2b0d32841cc16af77f6a6380b10d0343d834163a1007b834e621e6969e716ca4
585,malignant,zsming.svs_zsmingst56_56.png,5,Malignant,0,41027,f342098e219747024ae3bc4a12c58b943d209460bbb205022f26b80d66cf04f6
586,malignant,zsming.svs_zsmingst5_4.png,5,Malignant,8,15666,35e1cc8c62ce257e208a6f01cde5165ff4c782cd893ae7d9222803e0de6ae8f0
587,malignant,zsming.svs_zsmingst6_5.png,5,Malignant,0,31325,07276220f483a4a3c3830ab7ee8868aff5ac6b12f7d04f6b3f1f86cc0a64f0d1
588,malignant,zsming.svs_zsmingst7_6.png,5,Malignant,0,14706,723f4b052dbd8054be4da8a3e4a628e3d7a1dfa4687fc8db64dd1dfd90159ed8
589,malignant,zsming.svs_zsmingst8_7.png,5,Malignant,0,17421,a6e5a7ee7372ab9ac4d536b5f9c0d35594674c6362839a08eb702f92a708b674
590,malignant,zyanli.svs_zyli1ts14_13.png,5,Malignant,8,10387,617dd5934f4de7a818ed92b159f3923efda23ec84b8d649b3f5c04f199cc54f1
591,malignant,zyanli.svs_zyli1ts20_19.png,5,Malignant,0,12291,b94ae5e7906c237a0731c74591b362f0994a8aeeb60e717da42c585ddc892546
592,malignant,zyanli.svs_zyli1ts24_23.png,5,Malignant,8,8899,b138c18c3d2c6eb108b2e67879873f743833b668b4161d9b50c957f3bc4759ef
593,malignant,zyanli.svs_zyli1ts25_35.png,5,Malignant,8,15472,d6ba3ca6f9df4cce300813a838c25dc5350b1400449eff69afe82474fab06c84
594,malignant,zyanli.svs_zyli1ts30_27.png,5,Malignant,8,56141,9553bc958551e9c3f31e390f1efc89e93512450f379371c1fcdb69c9ff15f64b
595,malignant,zyanli.svs_zyli1ts31_28.png,5,Malignant,0,33349,2e33ae208ef81a299427af50e56a3bb9001ed0248fc311ad42d514862280067d
596,malignant,zyanli.svs_zyli1ts32_29.png,5,Malignant,8,12361,1875ce21678b069012382ebf2d879e86a4ee3bc2e2c3d07e1b5d0f96f9ba7682
597,malignant,zyanli.svs_zyli1ts33_37.png,5,Malignant,8,29989,d48134a881e3d2dcdd746470abbcdfb3a42bacad4d478d8666acfa690f207159
598,malignant,zyanli.svs_zyli1ts34_38.png,5,Malignant,8,38351,2f5712c5ff00cc4decd4b9a28004a008878dbe1d0e69f2df419b95131318cb5e
599,malignant,zyanli.svs_zyli1ts36_40.png,5,Malignant,0,40995,0982f02faab9e504b865fbaf378ddebe0123aaa0e11e4dbdce54398dbb20ce9d
600,malignant,zyanli.svs_zyli1ts38_42.png,5,Malignant,8,27282,395e04385e1faceea88670691247e431923b2d8e3e86509e5be3f149975bfb28
601,malignant,zyanli.svs_zyli1ts40_43.png,5,Malignant,0,36711,d069aa4e4bc0179ef600cf0d560a8ff22b24d9f746202acc823aa36d3d9d1e8a
602,malignant,zyanli.svs_zyli1ts41=0612_44.png,5,Malignant,8,22647,dc4ec31a1225d967bc5b77cafd9acbe720625dc39ee1ebe983b2f041cba1dedc
603,malignant,zyanli.svs_zyli1ts42_45.png,5,Malignant,8,31445,f56ed4b7611cdecae6574063227fc9f7ada431477327306a79a6ed643665b7fe
604,malignant,zyanli.svs_zyli1ts43_46.png,5,Malignant,8,16557,decfe403cfe90dfe7a83496307c3b94bccbd8fefa7e6349fd84fbdb5027e2968
605,malignant,zyanli.svs_zyli1ts44_47.png,5,Malignant,8,18151,81fc026f3e91d8810616e6ebadaa31cfdf678bf7be60510fd6e6724344fe9dd2
606,malignant,zyanli.svs_zyli1ts45_48.png,5,Malignant,8,35287,74ee4519bf5ceb9a088785a6a326e6a35ad3eb5d70493ba2ae760288b5e39d5f
607,malignant,zyanli.svs_zyli1ts47_74.png,5,Malignant,8,13550,9bbdb4eff46e24fbe7bc17b6669a22af5768663cea105ba12545005cf7711ec6
608,malignant,zyanli.svs_zyli1ts48_50.png,5,Malignant,8,12509,86edbd4fa48be0b677e5c80c5261f01c18d9cbf08dee7ee7985da7291baf88f2
609,malignant,zyanli.svs_zyli1ts49_51.png,5,Malignant,8,10274,a5d82da6d2783ec204ff44b1051156d9f691638d85b8913160ba12ec84326f35
610,malignant,zyanli.svs_zyli1ts51_53.png,5,Malignant,8,17313,1ad09539109c01bb21aa4407e362acea727d222a44378c64fa4a5d3ce678fedb
611,malignant,zyanli.svs_zyli1ts55_57.png,5,Malignant,8,8755,dc1e7bff4956ca8a7c6226befdee15dcdfaa43b0df2ce055c7b021fbd01e30b0
612,malignant,zyanli.svs_zyli1ts56_58.png,5,Malignant,8,21177,f07caefc254b05cce05fde55d9a0bbe9a4a43bec889ef5bbc5b748d0f3fd482d
613,malignant,zyanli.svs_zyli1ts57_59.png,5,Malignant,8,13662,77d6ced9b37f1d176fa41bc42babf6c235d1c7ab8d965c101dad6662f7d5a4eb
614,malignant,zyanli.svs_zyli1ts58_60.png,5,Malignant,0,22323,9183062474420d391357d5286e7d9e07e0ed650e50c7b2b7994f5ffc2b1ab6f1
615,malignant,zyanli.svs_zyli1ts5_4.png,5,Malignant,0,19757,711554d64daf76db0b2b1ad22ded5d5aa6205c1006a18b6ccea6b05a1f6cbd50
616,malignant,zyanli.svs_zyli1ts60_62.png,5,Malignant,8,13443,be4fcf9f9d8aa71fe19fdde5949e2bf904708456f2e812aa6703b0cfff874e66
617,malignant,zyanli.svs_zyli1ts61_63.png,5,Malignant,8,27861,167f933b2140ee007c66679e88401d4a539aee5572b08920b03d9a3ff6c040f0
618,malignant,zyanli.svs_zyli1ts63_65.png,5,Malignant,0,28811,620cf1474475797593cb47f14894a27c74e5ed0568826adf4d8c7def01341404
619,malignant,zyanli.svs_zyli1ts65_67.png,5,Malignant,8,24544,7bcbd19dd8d4059c97f62159530e57d29fcc0bdfdbe46240459d0387900be0de
620,malignant,zyanli.svs_zyli1ts67_69.png,5,Malignant,8,12743,ae1716a0cf2dc7a77f8e11db048749ae2b11e0560d3f9110563cc3d49152a87f
621,malignant,zyanli.svs_zyli1ts68_70.png,5,Malignant,8,30234,5aa107dabd39c32081fa3e0575ce0e3a4b900e97893a76056c6448ab8e17fe98
622,malignant,zyanli.svs_zyli1ts69_71.png,5,Malignant,8,16695,a13cece95acd81a77e78c63d5247ec3688b25439813cfd7d856c90ba6d2c60cd
623,malignant,zyanli.svs_zyli1ts6_5.png,5,Malignant,8,8733,e6c259365fba2ef0926d77f7020dbb5d14600263a51a94f5815208ca63ddd195
624,malignant,zyanli.svs_zyli1ts71_73.png,5,Malignant,0,10656,8b12f7e01ad3d5f2b67e529cdb96b48bed70938af241ae1f0b12869c5b26f610
625,malignant,zyanli.svs_zyli1ts72_75.png,5,Malignant,8,35042,6d73fb415d4250639a543f3774b3f43683e1400df4deb75de731bf7a1027b561
626,malignant,zyanli.svs_zyli1ts73_76.png,5,Malignant,8,17719,928ca2a6b37cfbc2d82e2a69f69c3c52495fd3e259dfbcd502bb5d8dfa7af8cc
627,malignant,zyanli.svs_zyli1ts74_77.png,5,Malignant,8,23635,cda193e8ec8c8154b47f498f1f6251650d0a2e1dd35f027b3e94a410fcdd6bf7
628,malignant,zyanli.svs_zyli1ts75_78.png,5,Malignant,8,18286,f55db638335fa29ea5a846cad9161838d254c1c706c325a3ad086230afa3a88f
629,malignant,zyanli.svs_zyli1ts76_79.png,5,Malignant,0,55347,22f18ecd5116204579e38a072f16083d4a15ae9bd5d207ee35d1a30010ea6f8c
630,malignant,zyanli.svs_zyli1ts77_80.png,5,Malignant,0,40914,d89fb7d64907eeab289a2e80ffd8c6155daa9a6c4bb4fab2a95f2d2fb85cc4f7
631,malignant,zyanli.svs_zyli1ts78_81.png,5,Malignant,8,27075,58dc61c3ff396c8a3ba22cdf171a709f78ba6777780c9a7cdc03830df8462a61
632,malignant,zyanli.svs_zyli1ts79_82.png,5,Malignant,8,31830,953aaf4f5e88990465aed00dd085cddecda14052259cf24cd812e3ebb22ee299
633,malignant,zyanli.svs_zyli1ts7_6.png,5,Malignant,8,10938,af1063b25571eb249a8f5b1f66175a20c5a8efd2dd32b3c2e5291b2ac2e50bee
634,malignant,zyanli.svs_zyli1ts9_8.png,5,Malignant,8,6859,58566c3cd93c6d4d9c3486790ac7ba6fae1a60e633b92fff07381e836b84e854
635,malignant,zyanli.svs_zylits39_32.png,5,Malignant,8,20819,2a0235a507e732ab385044abe74105ffd0d5205d4cf42252740ec75487ce72cd
636,malignant,zyying.svs_zyying1ts11_10.png,5,Malignant,0,17147,61d1015addb9ee02caf3e9f90f1d53ff9cbbeadb1536b8f3278d602ae34d2854
637,malignant,zyying.svs_zyying1ts14_13.png,5,Malignant,0,54920,045de6603dbb5f9a4c041cfef0265c86365d2ca143057b5a3f1e43c1e1aa41f6
638,malignant,zyying.svs_zyying1ts15_14.png,5,Malignant,8,10230,914ff945cde00d971e55c911af8101a72d7191f0f7d6d7b4d23f60fd678577db
639,malignant,zyying.svs_zyying1ts17-0609_16.png,5,Malignant,0,42695,5c798d155f96d8e3e645034f422bb43409694b451d5432697b2a3baf82f2b762
640,malignant,zyying.svs_zyying1ts18_17.png,5,Malignant,8,17842,dc43593e7f4130e70de83906d9d97308a9de9c7a365c667341ff60a2b4b182f3
641,malignant,zyying.svs_zyying1ts1_0.png,5,Malignant,0,50289,1af13bb5cb1158d800f4dbb10f160f1ec277868c62e998167966d9ade287859a
642,malignant,zyying.svs_zyying1ts20_19.png,5,Malignant,8,32285,c2a368ddd77275fcb8a4a84185cb7294a2c9e29fc4cb771c42960d5095305a31
643,malignant,zyying.svs_zyying1ts21_20.png,5,Malignant,8,14379,7373685518763877bec3b5a9594bb839c7768e99ea051ab8e86edb11928952a4
644,malignant,zyying.svs_zyying1ts22_21.png,5,Malignant,8,16955,357cf2ba68505eca9342d8c7f2695bc36034023a98a6b49ba2e2ea02c3f2eaea
645,malignant,zyying.svs_zyying1ts25_24.png,5,Malignant,8,18368,570dfff27f8627f3808a24aa20211326ffbdc6034453d522b776cef45bfcfc87
646,malignant,zyying.svs_zyying1ts27_26.png,5,Malignant,0,42823,f07e5ad6fc031078d545b0428a28cc7d8d680b8c0c4113a58bf42c3958dda7f0
647,malignant,zyying.svs_zyying1ts28_27.png,5,Malignant,8,22521,e1c24b15d3ef7d938c0096a92e6c84773b5bcaa3888a59a2f7ce87b325e0c278
648,malignant,zyying.svs_zyying1ts2_1.png,5,Malignant,0,35103,31ff384e74211b41f569e089a4a34804eaa45dc8ef8a4bb8dce24b300813def2
649,malignant,zyying.svs_zyying1ts30_29.png,5,Malignant,8,17478,367e4aa4d38c04a0122a4cdc977daa029886fed934b07260e94a694844cc8447
650,malignant,zyying.svs_zyying1ts31_30.png,5,Malignant,8,8990,6028b3665578629b588b205cd32a72549aba649993f03f85170d6442aa9fcaf7
651,malignant,zyying.svs_zyying1ts32_31.png,5,Malignant,0,47307,c2dae6848da4b9b55120c0c7a9b1452eb50a6528bf6c5637ecf47e64d23378e1
652,malignant,zyying.svs_zyying1ts33_32.png,5,Malignant,8,16080,1f26540b7662f736f2bd45e297ac93a83b67d0d4f340e91c89cf7b27e9828611
653,malignant,zyying.svs_zyying1ts36_35.png,5,Malignant,8,26576,5669ddfde9dd48ccf24b4016f8a03ee804f85a06704e725cdddcfb537de2e168
654,malignant,zyying.svs_zyying1ts37_46.png,5,Malignant,0,36578,853148a8737fbf559b6854001f232169cb166e8be2f5fde6f036e9b5aacd4add
655,malignant,zyying.svs_zyying1ts38_47.png,5,Malignant,8,7652,4a1072efe596b645744cec4ac4efdf358d32677284d8838803952892fe15a4af
656,malignant,zyying.svs_zyying1ts3_2.png,5,Malignant,0,31847,b4418a82510ec9ebf18b91bf16602c79e9ba1c729a755bfcce3a29668722bf42
657,malignant,zyying.svs_zyying1ts41_38.png,5,Malignant,0,26616,c2c53c53b58f76537bc567835aabba2ed8ef94b5e09aa3781228f289bb22bf7e
658,malignant,zyying.svs_zyying1ts42_39.png,5,Malignant,8,11860,df8024672f6234fd76cceca423ef359364f577cc7941217462f58ed98c5dc0a5
659,malignant,zyying.svs_zyying1ts43_40.png,5,Malignant,8,13149,50432b95053a98ddfdc023c6769ab5c57e21454bae93ba89679088f268d583f4
660,malignant,zyying.svs_zyying1ts45_42.png,5,Malignant,0,37733,39a08cb2f11fec4f0375537fef4a642d2eef4b3f2b9c38387b41c08f3e31af30
661,malignant,zyying.svs_zyying1ts46_44.png,5,Malignant,8,26985,f0da95437584b207903b8404e86d0e28022512ae5f4550095fa9fcd289afc896
662,malignant,zyying.svs_zyying1ts47_43.png,5,Malignant,8,14254,1d19b4e41101c930fc408fe07bfe56ef89f5a10bb07860ad1c40a421da7af83d
663,malignant,zyying.svs_zyying1ts48_45.png,5,Malignant,8,17299,b2d8cae0ce68c0cba61032160d486526267bd1ca0c9e73f3f6b5cba3d70999a2
664,malignant,zyying.svs_zyying1ts49-0618_48.png,5,Malignant,0,17831,58a096a76a5faa05ad45976648bd69d83a7fc53fa795694ee1afc501681d00df
665,malignant,zyying.svs_zyying1ts4_3.png,5,Malignant,0,20367,0330e7dae8829a6ceea0ed649b3f126e2e8de0f6640be75643630d609a7812af
666,malignant,zyying.svs_zyying1ts50_49.png,5,Malignant,8,20603,91e0154423a140d234dd2a3a4631caa4ead91a0782e996c1386085e9795bd601
667,malignant,zyying.svs_zyying1ts51_50.png,5,Malignant,0,18114,d3f93913cee1d942c696bc0f0d7f7042500fb1d7c6adae157dd4ea7ce5355dc0
668,malignant,zyying.svs_zyying1ts53_52.png,5,Malignant,8,25951,0cc76788ca203dc0536d48c39f63357a4e79762df28f8e0440e90625156ac299
669,malignant,zyying.svs_zyying1ts54_53.png,5,Malignant,8,16422,2789a2fa6f47566d43e8daa3defcd769e532f806e1c42f2752fdc7b813857534
670,malignant,zyying.svs_zyying1ts55_54.png,5,Malignant,8,13901,73bf239042a6927b78ad2b18a20cba3b38cb6537fc87b572a3ad688c439a7aaf
671,malignant,zyying.svs_zyying1ts56_55.png,5,Malignant,8,39055,24fefb61be2f3d2c7a8884aec926216e6ddd1695d78df0465fbe9688e85d2499
672,malignant,zyying.svs_zyying1ts57_56.png,5,Malignant,8,13923,08a4af9a9564a1d85d617eace95e1f07289e6060ff152bd555df14c2fb1e7eb1
673,malignant,zyying.svs_zyying1ts59_58.png,5,Malignant,8,22119,3ef1defa0a9a7e309d3103a4c683b6fdc57cc26616dfb72e94b6bf568f969d40
674,malignant,zyying.svs_zyying1ts60_59.png,5,Malignant,8,16688,8eff2ac27bad501e8326db0cb48fbbcd33eb48e12a0cd1f5c5d7f8aed0c9765d
675,malignant,zyying.svs_zyying1ts62_61.png,5,Malignant,8,17236,76bc928d04188d20cb75bfd003fe60ddcd4f916d31e92642ca6b90252451ab43
676,malignant,zyying.svs_zyying1ts63_62.png,5,Malignant,0,16345,00e5c8eb2ea7738afbeded255e141283feba1d08f47f833746cc5f5f6a8e7b54
677,malignant,zyying.svs_zyying1ts6_5.png,5,Malignant,0,34227,4aaa1b50475f914903535783b00c46e6459c2c1e66726fdbd401b78cc3e5dfd5
678,malignant,zyying.svs_zyying1ts8_7.png,5,Malignant,8,15807,276e96151958520e6b2336ab4cb62f2582318b817d85a8c4ed3cd7342a784bc2
679,benign,chchun_251125_tile_10_30_0_conf0.88.png,4,Benign,6,100975,2d3ab28eb85dafeefd390d23e19927df095027fe42ab042c3393c50f6e1e5b6a
680,benign,chchun_251125_tile_11_17_0_conf0.84.png,4,Benign,1,21333,6579622700622fc46d21e3f369f9e247be7392b053a6524d5bb497eeeb2643ad
681,benign,chchun_251125_tile_11_31_0_conf0.84.png,4,Benign,1,20099,56dd3e0e96a82fe705f22c76e062ea9d2fd4f2e248ad2de21523e1834dd37d60
682,benign,chchun_251125_tile_12_20_1_conf0.85.png,4,Benign,9,17934,a2ca07fcc302f2cde9cb8c97959eb012880fb683b7d85e1c7c42d9f763c3a5a7
683,benign,chchun_251125_tile_12_26_0_conf0.82.png,4,Benign,0,25292,be1497818cb06fe3134395f11326ecceecbe799506079e1ae26c2e2193df00be
684,benign,chchun_251125_tile_13_39_0_conf0.82.png,4,Benign,4,18411,55e4cfca86e99afbcf95821afcd37fadbabb6a49855ee4cd0ecef3509244cc2b
685,benign,chchun_251125_tile_15_17_0_conf0.88.png,4,Benign,1,32882,c3d1b1fe5b39086089ebe8c4c80bbc5382ffa91280fac0afd0709c320316e211
686,benign,chchun_251125_tile_16_10_1_conf0.49.png,4,Benign,9,66103,4c9a301451dce581fa421d42bc444cf149d7d3215dcbf122958e11e77f7a6ac7
687,benign,chchun_251125_tile_18_6_0_conf0.70.png,4,Benign,4,15088,e02beae026c18d713892d1e755d5f8530115f9b49bc380668b6cc22ec0a1570b
688,benign,chchun_251125_tile_21_2_0_conf0.71.png,4,Benign,7,22975,a8aae03baf00eb60b43a364fcc2398a1155c248393f0cb739696c94e89bc06f8
689,benign,chchun_251125_tile_23_1_0_conf0.60.png,4,Benign,9,18048,2aded39ac400009277e95e859b8f9a4c846fec5cca6db1280edaf84d302ceaf6
690,benign,chchun_251125_tile_26_28_0_conf0.82.png,4,Benign,4,29732,6792e490ed42c683993d26c7be2b5c951ffa9a5475be414b3443b24e60bf3d39
691,benign,chchun_251125_tile_27_32_0_conf0.84.png,4,Benign,1,20398,f949c7c1acea16df119c11267b32aa55c9e56ea20eb9d2843b84c2b2df8c5878
692,benign,chchun_251125_tile_28_39_1_conf0.81.png,4,Benign,9,26409,d8efe1cbc118c5d4e33a508867e5384c3581381de82c5319053eb764821115f3
693,benign,chchun_251125_tile_29_32_0_conf0.84.png,4,Benign,9,29993,96184cf0775ee6e792801578971fd13d4517def76da039e3b905b61e3d9dd44a
694,benign,chchun_251125_tile_32_23_0_conf0.84.png,4,Benign,4,16957,53e8b33f52b7bb7d3d21ac6e3a28f48f6261d2bd941d807e3433c0a175ef3f34
695,benign,chchun_251125_tile_32_30_0_conf0.86.png,4,Benign,9,27929,3bcf359c79fdbd0ce71784729bfcb906b5da3ceb3641b4f41660bd0880677a39
696,benign,chchun_251125_tile_34_3_0_conf0.62.png,4,Benign,6,40908,ac47267299eb02eb49c9b72f84fb3da5ea6f508218b6c91b580073cf75428910
697,benign,chchun_251125_tile_35_10_1_conf0.66.png,4,Benign,9,30781,53f18d020da12d0051b79b62d0210e45a4e8b9fb2ffeac0f7e4c034bfdbf72a0
698,benign,chchun_251125_tile_35_20_0_conf0.81.png,4,Benign,0,14864,7d1bb6583858de94b3f4e30eff29b290f278d5c85efa18cf02b97542ff7af25c
699,benign,chchun_251125_tile_40_33_0_conf0.76.png,4,Benign,4,20415,a1532df6794ac0bf27a1200adc28f04c488a0ff7bf5330fd74f3bb189062c5aa
700,benign,chchun_251125_tile_7_21_0_conf0.67.png,4,Benign,5,8287,a3f57e446a2ab47488bfb5e2436b8050512c0aef1164f6e69631a7da478238bc
701,benign,cjzhou_251125_tile_10_28_0_conf0.45.png,4,Benign,7,10018,78b0769fde70498f07d659ebb439c7977d1d4ad14873fc9217dcbc5708715804
702,benign,cjzhou_251125_tile_12_13_0_conf0.69.png,4,Benign,9,28378,dc3cf46b781ab78f98deaad7c9234aa62c6f9cd1e12d9d48ca30ac9b2aa7cddb
703,benign,cjzhou_251125_tile_12_17_0_conf0.82.png,4,Benign,9,18503,8190ddc808578f27beaf7f941c7d1a3620b0830c001421294925b168ca6f29e9
704,benign,cjzhou_251125_tile_12_19_0_conf0.69.png,4,Benign,1,14817,94e9f6e1c4fd17b8d6fedb242b337f3f696f2c503181416cc96d40db1c5d134a
705,benign,cjzhou_251125_tile_12_25_0_conf0.92.png,4,Benign,9,15260,b687d96c3320d8684869fa60512e9e50f0b9cba2041780165e2fb43d97dceb79
706,benign,cjzhou_251125_tile_12_25_3_conf0.76.png,4,Benign,9,16969,74bbcdd973f6573a07f99dba9560cea282bf0cf77558995f39438e54594d491b
707,benign,cjzhou_251125_tile_12_28_0_conf0.80.png,4,Benign,9,18391,38176f98278865702a1ce1f2900f57e880cde131a94edc5a9254a21ea0475b45
708,benign,cjzhou_251125_tile_15_25_0_conf0.83.png,4,Benign,1,19877,92a81803fb3a3fc615660408c84223ffecd87caefbf35fd3e6328211a58d9bc7
709,benign,cjzhou_251125_tile_16_15_1_conf0.59.png,4,Benign,9,26238,74bde6405b2e5e9b0137af95c4003a731a3fb7dbe239baa2d7195415d4ebd7d9
710,benign,cjzhou_251125_tile_16_34_0_conf0.86.png,4,Benign,6,135432,c3912414e78d0c5d3baffac7d59afd3621089188749e3c4a3733d4fcb055fbbd
711,benign,cjzhou_251125_tile_17_21_1_conf0.91.png,4,Benign,9,14724,39801e815f753ffbcd3901a71af26cc07077003d644d4b4698059b4e2b7bc3ba
712,benign,cjzhou_251125_tile_18_19_0_conf0.83.png,4,Benign,9,17228,8c2ae45d1ef3c04b6095ed9f5ded8b49644e35ce032de8a30271c758e61a6688
713,benign,cjzhou_251125_tile_18_19_2_conf0.76.png,4,Benign,1,26741,915a73e909b25e16ff2ecc6ec020e46346c0abb0f7526039f770e137c2789423
714,benign,cjzhou_251125_tile_18_22_0_conf0.86.png,4,Benign,3,13528,1a78ad664e7cdae54bc115a78db957c22943e930cca111a0b97126ce7b3db3a6
715,benign,cjzhou_251125_tile_18_22_1_conf0.86.png,4,Benign,3,16394,664691d50521fb80d167168e14072130d70de1767f1e8672e380dbfbb01c1d3c
716,benign,cjzhou_251125_tile_19_25_3_conf0.59.png,4,Benign,9,17043,33798a988268b9cc764b9d2cf1d5b526557153771063a870084568676c9845a0
717,benign,cjzhou_251125_tile_19_8_1_conf0.70.png,4,Benign,9,24100,a1378e7c8ce370e1c246c36684a7988bfe3039dd7e990b50c2af7cd51f3aa39b
718,benign,cjzhou_251125_tile_20_17_0_conf0.68.png,4,Benign,3,7510,864b077bdf41c97d1ec3162e6a2f944392ce2441f6ae9be5b307e06cc130d9df
719,benign,cjzhou_251125_tile_20_19_3_conf0.72.png,4,Benign,6,42251,44341766f072c3f82cc8de3163d2edfe930e4a9d8ba150d9837325054bbc309a
720,benign,cjzhou_251125_tile_20_19_4_conf0.59.png,4,Benign,6,68962,674a592c38aca1260a54f8192d8651c5614fae9fd300f1322e5bc655e5abe304
721,benign,cjzhou_251125_tile_20_22_0_conf0.68.png,4,Benign,1,69330,438a07b2bdc3ceda86bc1ff372f4bc62796817e65a2652bff2b063e26c593d70
722,benign,cjzhou_251125_tile_20_28_1_conf0.82.png,4,Benign,9,21794,25dda46d97297fe11d727062a692b865309ec44a71c0be29bb4f7630169a94ad
723,benign,cjzhou_251125_tile_21_24_0_conf0.77.png,4,Benign,1,24145,206f559ee16442322e2871e7bfc8a51b97a15c2c80ace329c794d3e8c4acd5e9
724,benign,cjzhou_251125_tile_21_33_1_conf0.81.png,4,Benign,2,51737,5e619ed2f9c77a842b42ffa9f7c87f8be9b0ec0f2b2505578a56c7d4712d493f
725,benign,cjzhou_251125_tile_22_20_0_conf0.89.png,4,Benign,9,43201,fa54648633e8fa5afc0438e2f39a3aade823bb0b26961621647fc423267b306a
726,benign,cjzhou_251125_tile_22_23_0_conf0.77.png,4,Benign,6,91906,0b0eb2908d49a7684df8d386c8be6f9793a7f2299702a7ae538e6da7da5371e1
727,benign,cjzhou_251125_tile_22_31_3_conf0.59.png,4,Benign,1,52230,856f274126f8fd99af051e2a29a1a8dfe67e48270416c0bb51fb87e03d3cd217
728,benign,cjzhou_251125_tile_22_32_0_conf0.74.png,4,Benign,9,18213,ae4784b8fc7e37a4b690d20b8c36125df0db87b5d418daad15cf5da92d946075
729,benign,cjzhou_251125_tile_23_20_2_conf0.79.png,4,Benign,6,153403,363a597325820ffcbf6b91cc0a3eb4be1192d61c7fa6d610f3c8b5d2588732c3
730,benign,cjzhou_251125_tile_24_28_9_conf0.40.png,4,Benign,1,53439,ad323cf0cadf2f8308d13f0d9a981d4030e9fb4bd8ff8e5c28399974e85bc8d0
731,benign,cjzhou_251125_tile_24_38_0_conf0.40.png,4,Benign,6,86813,499960ee68976a0a888c496cda08a9b34cab8fb1a6150d42e5b203e629c7cfab
732,benign,cjzhou_251125_tile_25_28_3_conf0.79.png,4,Benign,1,24522,070845681ab83caf52e8616cf0a8d2e5acd29f318c15e50f542a0681f2ae0e7e
733,benign,cjzhou_251125_tile_28_25_0_conf0.82.png,4,Benign,3,9411,f559b8c0028cc3d5d9d41a0e410a40bb72d97ebe291f90bdab08c9a8076b1cbd
734,benign,cjzhou_251125_tile_28_25_2_conf0.70.png,4,Benign,9,30540,cd8b8706c15794e0b18a331c04d4890c0fa16076bb8623d4507b9b6d3c810bad
735,benign,cjzhou_251125_tile_29_22_3_conf0.46.png,4,Benign,9,81961,816830df0e0b624933718335fa62c96085f19d5087e2c4045ae38d821324db89
736,benign,cjzhou_251125_tile_30_19_0_conf0.78.png,4,Benign,9,24148,3d5c9195e0d32c61371596dadadcbe9fd49b04c8972978d230ebe3cdfba38e8e
737,benign,cjzhou_251125_tile_30_24_0_conf0.82.png,4,Benign,1,55462,0e6438301285345608ce54511e4111c71d12b6b0bbdc5256d7ad39f1f894cc15
738,benign,cjzhou_251125_tile_30_25_0_conf0.79.png,4,Benign,9,29927,c0e3a5cc374f29104a030d7de8ed1515314897f745f5832f6c309e62664386ff
739,benign,cjzhou_251125_tile_31_17_0_conf0.81.png,4,Benign,9,26475,ddddf3f4cb3448076a099e9128823ae1de343405b145635ccebb5423ccec1d97
740,benign,cjzhou_251125_tile_32_13_0_conf0.82.png,4,Benign,1,36247,6c0f82f369a6a80ade109ab9cb561f3ae5595559196e7729227385365676e224
741,benign,cjzhou_251125_tile_33_12_0_conf0.73.png,4,Benign,9,64206,494d44311f1033f391d11187c90849f97dd9ce7f5ec47bcb413b306c9bb5bad1
742,benign,cjzhou_251125_tile_33_26_0_conf0.81.png,4,Benign,9,34846,e7b638d30f052ba2ac7834ea13b50e295026664f0dc8818dd8408277e15e40e9
743,benign,cjzhou_251125_tile_34_24_0_conf0.89.png,4,Benign,9,26846,9aa05d1bee59af6265fd3c2b3422c25be2ca054cec04978a8415648742b65a6b
744,benign,cjzhou_251125_tile_34_30_0_conf0.69.png,4,Benign,2,17684,75543d5a9f7e7232f12d7a78f78771aba7ccab3f3e272084bc72c71a5d0ac89b
745,benign,cjzhou_251125_tile_35_20_0_conf0.82.png,4,Benign,9,32284,79fe7c74c2f9c3c40a76b75fdeee69f87b7138bda73d0bd7985f48069b1a7756
746,benign,cjzhou_251125_tile_35_23_0_conf0.79.png,4,Benign,9,24554,96338e1c6ad6847e709634cbef2d66bf027b72566b189c10b905529987dd68ac
747,benign,cjzhou_251125_tile_36_13_0_conf0.79.png,4,Benign,3,20031,b5a864179ad6d676bccb7896c142f9242e1917817b4f7d8d19e3f301e3017573
748,benign,cjzhou_251125_tile_36_25_0_conf0.64.png,4,Benign,0,88283,e3c830a27074862074873741fcad60bdd1e6ff743303910e956da2e82c0755ed
749,benign,cjzhou_251125_tile_36_32_0_conf0.82.png,4,Benign,9,18107,465f7d65b0957c12d332874bbfa28e6a83c50546b6ef87f8872e4514f15ebcb1
750,benign,cjzhou_251125_tile_38_39_0_conf0.67.png,4,Benign,2,5742,f2122e8273b7db2686417cd22c6acf202beef757c7ec3a58ceeabf84305692b0
751,benign,cjzhou_251125_tile_45_25_0_conf0.70.png,4,Benign,6,79768,c9b776192685cde54e44a76721583ad2232ff80f5c6bd4f3e811171176d4a497
752,benign,cjzhou_251125_tile_5_24_0_conf0.87.png,4,Benign,9,36197,3888761246652148f7cfc329a07b81a229d7364ac8612ea6f169baaf05736346
753,benign,cjzhou_251125_tile_5_27_0_conf0.81.png,4,Benign,1,17784,9a3609ff315f2582c6256695bbed8ae3f6c654397f75400bb33af8e69ba80d01
754,benign,cjzhou_251125_tile_5_31_0_conf0.76.png,4,Benign,0,9021,7b052426452c676aa4f7c7414d39652e9c6d9d50459db747d8ffccaa2a788cd2
755,benign,cjzhou_251125_tile_6_26_0_conf0.81.png,4,Benign,9,21926,0625e316980face252fa89646ad4aec1d3c75c68fa75d2621bf88dbdf8115277
756,benign,cjzhou_251125_tile_6_29_0_conf0.80.png,4,Benign,9,23173,55a73cca93245b84081bb51704e0acc1553f6a70b518ed72ae2f782e0a432cc5
757,benign,cjzhou_251125_tile_8_13_0_conf0.70.png,4,Benign,9,39316,d7b870ea4ae25172a930a1dc5a6e5427bbb553f74b29ed391cc810156532ae6c
758,benign,cpcheng_251125_tile_12_13_4_conf0.42.png,4,Benign,7,9208,e262eb460a0508b76baaff7f00d748c6b81812596344ec4fa1f8fe90d1e1a28d
759,benign,cpcheng_251125_tile_12_6_2_conf0.77.png,4,Benign,5,6670,a20be7fa01483c454e903e21094af7fa36456c2c35677c4998fec247f0e18c5f
760,benign,cpcheng_251125_tile_13_34_10_conf0.51.png,4,Benign,5,7646,bd0e947e9c7d9947386cbb2dbbe6a328d9fb271492ba13ad1faeb96c22b3a7de
761,benign,cpcheng_251125_tile_13_34_2_conf0.78.png,4,Benign,5,6019,821a035ab5740e69fe82e3ad8782ece264e5a70b0c6a84dc09c6fa0864ba0b03
762,benign,cpcheng_251125_tile_23_30_0_conf0.69.png,4,Benign,5,5149,ec85e432533e31f2d2ec5480aafd4d77354003bcf8b2df859d4dd028812aa7d8
763,benign,cpcheng_251125_tile_24_40_0_conf0.88.png,4,Benign,7,10130,1fcbf5cf4ef20fa71588496c7e0520dfe564dcdc95a21761fe9acf3df0364310
764,benign,cpcheng_251125_tile_24_4_1_conf0.73.png,4,Benign,5,7497,74c0ae2f7a3deef70c6d8132709d6a750962609f7bcf505084856c616053ec27
765,benign,cpcheng_251125_tile_24_5_0_conf0.68.png,4,Benign,5,5876,777ebf8090daacf05612d126cd13e08e24556788c44c336d5a0bc5f42a2450e7
766,benign,cpcheng_251125_tile_25_10_3_conf0.51.png,4,Benign,7,13120,4b6d9cac1125e42b9f2ec0f8998f74506a7e3ef244672f48155f728b464b19e4
767,benign,cpcheng_251125_tile_26_30_0_conf0.66.png,4,Benign,7,7167,236a6d629bd586f0ca35fbd32527f33f011f5e5d8e38997c584d70c73dccfabd
768,benign,cpcheng_251125_tile_26_34_1_conf0.50.png,4,Benign,5,4986,eb06d5a8a2c9912323a398fcc22988b699be4a644fc1602cbaa674f33f296fd0
769,benign,cpcheng_251125_tile_26_38_11_conf0.41.png,4,Benign,7,12765,f65e3fb9b3ea5d61c9b224d16278c61cbada54bf536b1ba0cca731f90829ea04
770,benign,cpcheng_251125_tile_27_17_3_conf0.58.png,4,Benign,5,7546,8376dfa93468936f84bb06e9d7abd87eb9999c03d6aa8f6230cb5f82f4ab642d
771,benign,cpcheng_251125_tile_28_10_0_conf0.84.png,4,Benign,5,6598,0f14cdfefb2674121cd734b1fdd79e073f6a7aaa6aabea9a5998b571ca38d0a5
772,benign,cpcheng_251125_tile_28_4_0_conf0.83.png,4,Benign,3,8203,2ae01ff9b64f95fb891486be4b2b4cc7228a3f31b916d2bfe770c7663b1be8ba
773,benign,cpcheng_251125_tile_30_30_2_conf0.66.png,4,Benign,5,6386,1b86a4b46d7d6d54119523d40b78d168c916d9d43fcb1ac027dda59116b9b08f
774,benign,cpcheng_251125_tile_30_34_0_conf0.90.png,4,Benign,5,8409,94d9ca309a5f364b2e61a399f20a70878b4b8e6b00d6f5cbc6fd369ebc27ad45
775,benign,cpcheng_251125_tile_30_35_4_conf0.72.png,4,Benign,5,9441,f2b894546c0cbd4d32226f1531596545ce5d81f702de703da0d73a414bc8eb1b
776,benign,cpcheng_251125_tile_31_16_3_conf0.69.png,4,Benign,5,5977,408fcbb2722a83ebda44da7620fe72642eb8daf5057562b0b39bd8ef217b10fa
777,benign,cpcheng_251125_tile_31_16_6_conf0.58.png,4,Benign,5,5616,4654b6400f7c66eab9a94e3731be34710675985a6a3d5a7415eb6cb4c3daeeac
778,benign,cpcheng_251125_tile_34_32_0_conf0.84.png,4,Benign,5,5896,62fc2b0c002aa269c17598697aeba04263755f75f227cdfa65f6f1b5fb348f3a
779,benign,cpcheng_251125_tile_34_36_0_conf0.80.png,4,Benign,7,12276,e732dc83feba82a461c6c01abfdfa9047e0daaf367f30d19eab7785360e0fc13
780,benign,cpcheng_251125_tile_35_13_2_conf0.71.png,4,Benign,7,9309,27e9ab99ab393546eb64dbd6bcfb620c40212d35977a7f29c4a65a3fe410f1bc
781,benign,cpcheng_251125_tile_35_31_0_conf0.80.png,4,Benign,9,34774,89291e6a152c4dee1caeabb3f69c3b24796536b7617dc1db388a7b9c2d23999e
782,benign,cpcheng_251125_tile_35_32_4_conf0.50.png,4,Benign,7,5265,418a35634f1f7eba5d6267d4131d4fa87bb064aaccdaa6116dabc7d5008783bc
783,benign,cpcheng_251125_tile_36_28_0_conf0.71.png,4,Benign,3,7403,a927292f4f84c4a256521ef4db9eb410e67b598656b7ec27e0a181becfdc6dd8
784,benign,cpcheng_251125_tile_36_32_4_conf0.51.png,4,Benign,5,5921,198277dd586fa861d51d0e0ec4a980da756995900865fc8782c80fa6a0524175
785,benign,cpcheng_251125_tile_36_32_7_conf0.44.png,4,Benign,5,7083,67efc8cc46b1618c9f81e3937920b9d2bc5acb4bf7894bd3997deef5b385dad3
786,benign,cpcheng_251125_tile_37_28_0_conf0.79.png,4,Benign,7,8133,84b46f26fee221c9bed55b49439092c8ff6f13e992d9c7d50f22fdb5f036f68e
787,benign,cpcheng_251125_tile_37_28_5_conf0.58.png,4,Benign,5,7793,8b30f902f893c184c4f0646360ca8ba4da770c8dbb446300c82ef3fddb519672
788,benign,cpcheng_251125_tile_37_29_0_conf0.93.png,4,Benign,5,7265,977798e3639299eed5921a5a9ebaad8cbd64161d53a2b8fa5bc44f573dfdd46f
789,benign,cpcheng_251125_tile_39_31_1_conf0.62.png,4,Benign,5,10326,28fbb81c71e5b639ce8c57ca74a60aa935934f5a462f83b42c56ac0c3d964f06
790,benign,cpcheng_251125_tile_3_15_0_conf0.81.png,4,Benign,7,13344,798464dce2b218d22b9afc4b997182d820407389ddb10b2291160b304eee8e19
791,benign,cpcheng_251125_tile_3_16_1_conf0.55.png,4,Benign,5,10716,d1d7324f9c409ed17061684385723365a2609d7045e4075ddfea0c56075cddd2
792,benign,cpcheng_251125_tile_42_23_3_conf0.52.png,4,Benign,7,9091,7079cdcc422fa6ba89d2ed8c56777c50edf0577b4f8432c7a1b4bb0874bdd584
793,benign,cpcheng_251125_tile_42_23_4_conf0.51.png,4,Benign,5,11198,15db714a44ea75053cfaedade74103b47f0413f4f6db66ed82cf36502efcf89c
794,benign,cpcheng_251125_tile_42_24_1_conf0.63.png,4,Benign,7,9731,ed506a23a7d040440d4639b10ad4469cfa35665a19a1b597141989e79770bed3
795,benign,cpcheng_251125_tile_42_25_3_conf0.44.png,4,Benign,7,10723,aa7a16ccf45a5851800030df473dda9ee170fe79fd58c20edfa5e9e2d4ea1ef7
796,benign,cpcheng_251125_tile_5_12_0_conf0.78.png,4,Benign,7,11000,06440095d8094d405de9780286a7ecabc05c956f1425ed1414e4681647411c2c
797,benign,cpcheng_251125_tile_5_27_2_conf0.79.png,4,Benign,7,9551,04ad170da2e8afdb7f8e601513557f0f8f44b57828167f315b859ad8a7484f57
798,benign,cpcheng_251125_tile_5_28_6_conf0.51.png,4,Benign,7,7949,6f1d84873ba742c0f3da54abf8678f5bdb78bc510cbcdc7630ab64070c67d7f5
799,benign,cpcheng_251125_tile_7_32_0_conf0.79.png,4,Benign,7,8498,cf6f7b8aeed0ddeb8bc304fd6b28729d0e854b5941be257a90ef366525ef57d7
800,benign,cpcheng_251125_tile_8_11_2_conf0.82.png,4,Benign,5,9069,322b70168d94aaa2474cc354a5d2b5043b9ebcdd1f97f0b1e878e1a848ff5f7a
801,benign,cpcheng_251125_tile_8_15_1_conf0.61.png,4,Benign,5,7888,763d7be5548ef688cd8d0016a1fe5d013edfaf4b6d6388efc3cfc06a86767bb3
802,benign,cpcheng_251125_tile_8_8_0_conf0.81.png,4,Benign,3,22436,0d3d6f0513eaa40c2541f67217a1c5d3cbb5f303e0e3f6141b965cdbe8747538
803,benign,cwjie_251125_tile_12_12_1_conf0.84.png,4,Benign,4,20434,f20a872af90ac32b5c267f8e0919a23b0860aadbe7617a130e24911bd08fca3d
804,benign,cwjie_251125_tile_12_64_0_conf0.82.png,4,Benign,4,17860,1656274ffc14d11a8742158615029c0a0d96318ca5878dd202a733eef2147e33
805,benign,cwjie_251125_tile_12_8_0_conf0.77.png,4,Benign,4,30802,c4b52d8fca7c9cad2e0cc7b810de949757dd0c1e90c784eb59a631e8020b55df
806,benign,cwjie_251125_tile_13_50_0_conf0.83.png,4,Benign,4,24558,9e4725517e322ba048b40ae1ac6d9ca7d435a024ad756e129c57af6da21fc272
807,benign,cwjie_251125_tile_14_33_0_conf0.80.png,4,Benign,4,19042,3901990d66d220a708354f65932f39541c31a390b61cc586f6f2a85791100709
808,benign,cwjie_251125_tile_14_36_0_conf0.83.png,4,Benign,4,25677,87a3ea664560b15a85dacbbcd0797e6e1dd631e0fbcd76e2bda3eaddf411ab3a
809,benign,cwjie_251125_tile_15_2_1_conf0.77.png,4,Benign,9,37305,1e19d36a3ff069c72d3936880097a4dd07c56f73e3bdb18acaa2d6539eec9e21
810,benign,cwjie_251125_tile_15_31_0_conf0.81.png,4,Benign,4,14909,f70a2bd15d6c885af564367b8f5b4dfc3b1357054e29d64449b422ba99ea597c
811,benign,cwjie_251125_tile_15_38_0_conf0.72.png,4,Benign,4,21119,f4eaa5a9de2acf182789ffe1a925d1b986b654ea7de6af98ebb8a71b97c5672b
812,benign,cwjie_251125_tile_15_46_1_conf0.78.png,4,Benign,4,18603,fdc845a2a15c71f34ea8784ded18089b63802e9b505dafa74a78f3b51c156441
813,benign,cwjie_251125_tile_15_57_1_conf0.84.png,4,Benign,4,16208,5215560e93abd13b5c7d25d7ab7f4e4a8785e0ea9cc4796cae20699cdca46d30
814,benign,cwjie_251125_tile_15_59_0_conf0.72.png,4,Benign,0,43821,13bac6652f70c24c935330938da06a189f00daac5517d158d20ae2cc76f4debd
815,benign,cwjie_251125_tile_16_25_0_conf0.84.png,4,Benign,4,15377,7060914f460623b76bffd8932fc8861fab06d786700121760852cccb3a8191d4
816,benign,cwjie_251125_tile_16_68_1_conf0.84.png,4,Benign,4,13408,9df53bd6c971140bf893cfd6df878c414d50634dfd2ad637825a08c730679e8c
817,benign,cwjie_251125_tile_17_2_0_conf0.81.png,4,Benign,5,9342,8d11957de097aff7afea37a34696a9c967128a68145ac4af2a22ec9437c8a041
818,benign,cwjie_251125_tile_18_48_3_conf0.65.png,4,Benign,4,14013,fab70da55e96ea564107127244f28f2f678d10876cc6b03712383777f155b855
819,benign,cwjie_251125_tile_19_57_1_conf0.81.png,4,Benign,4,24055,1652b50c6a136a358f9e0a62bfb516916db3cb65e00aaf919d6528464448b554
820,benign,cwjie_251125_tile_20_49_2_conf0.71.png,4,Benign,4,22207,2222b2d259ae7b97b64a2ba7c9bb8d0ce5263beab1b70b427b2b8f805d0d5c62
821,benign,cwjie_251125_tile_23_55_6_conf0.54.png,4,Benign,4,46766,46e7c44e5066acb36e1b1a65a01b1abcd3c67ab6f0c3878f7f67acd32d7a1f0d
822,benign,cwjie_251125_tile_24_46_9_conf0.43.png,4,Benign,1,20895,2a3060b804a846fbb7cfea5efa5a7a4bebb2330a8fa628fbb29708a709f858fc
823,benign,cwjie_251125_tile_24_59_5_conf0.47.png,4,Benign,5,8541,64767ac70f436b485482f276f110ea4627ab344c4affcb36799623afef7d826f
824,benign,cwjie_251125_tile_25_59_5_conf0.55.png,4,Benign,7,8085,3f06e743bb2b1f2bd3362790997fb728df304658286b9ebe6ee96c0cea77c6cd
825,benign,cwjie_251125_tile_29_60_1_conf0.68.png,4,Benign,4,16997,c2e2d1dbcf7d180e96eb7b14f133899a31b3d03629f4c44247d97d05d4a05a13
826,benign,cwjie_251125_tile_2_35_1_conf0.63.png,4,Benign,4,10552,b70fcfdf12cc780e0efda58e50ae19f9bafb20d000234b44f39db77545c67e19
827,benign,cwjie_251125_tile_31_54_4_conf0.66.png,4,Benign,4,20927,ff5ade368b755f38fa15c6c2739982ad929e60eba1721a56cbe164afc7cc10ce
828,benign,cwjie_251125_tile_31_66_1_conf0.75.png,4,Benign,1,21326,44bbcb557b682272649b690da766db27bf24a929980e704cc8412f3fe3cffb6b
829,benign,cwjie_251125_tile_33_56_3_conf0.59.png,4,Benign,4,16388,21a06740a40a5d49ecc6b0eae5b8b7c0463f719f532ac59f1634f502ed03a821
830,benign,cwjie_251125_tile_3_43_0_conf0.80.png,4,Benign,7,10524,de19c6fd7401d095d9fb788bec65d50616b3ac101718ce787bee7a7db0b99862
831,benign,cwjie_251125_tile_43_58_2_conf0.69.png,4,Benign,4,21170,c2e8eb9d0cb93d8fbc475c98bc66c8fd4abdcb97a48cb51bf1c76267a0362a0e
832,benign,cwjie_251125_tile_47_39_1_conf0.82.png,4,Benign,4,11531,1ca59b76a3488a316d58adaa276922142f33335d8d7fe6d412be9e81fdc2baf9
833,benign,cwjie_251125_tile_47_60_1_conf0.80.png,4,Benign,4,16436,52b822481bb5c94efa110dbee49f6122684dc16df15a686c1fa40d538eb3c30a
834,benign,cwjie_251125_tile_48_44_6_conf0.41.png,4,Benign,4,6714,1e4438c6087545515e1bf3ff0957d8944a744c24d47d938c04d98ac8572f7f52
835,benign,cwjie_251125_tile_51_35_3_conf0.64.png,4,Benign,4,51559,d48e81216b33c45443c89bedd8179955ea2ca2f3c2c77f146d5872449766bf72
836,benign,cwjie_251125_tile_53_38_3_conf0.62.png,4,Benign,4,13214,d1f1c338e124192cf6f9c903c35713020df3dec5cd097287a79a90cdbf5b1dd9
837,benign,cwjie_251125_tile_53_45_0_conf0.73.png,4,Benign,4,12426,1851c8188e31f3969985f4c18219fceccd121faa57f1b5370b378cdb748ddf9a
838,benign,cwjie_251125_tile_53_58_1_conf0.76.png,4,Benign,4,16077,cc76c5bb8bf66e24e4faedec1468792e28959ffa5dd8ecf90e7142f953eb9b5c
839,benign,cwjie_251125_tile_56_36_6_conf0.56.png,4,Benign,4,11876,d20605b4ab3af032a91973e34759aac6599cad794e3925873aaaa6d2f288bd6e
840,benign,cwjie_251125_tile_56_49_0_conf0.78.png,4,Benign,4,14603,7054281ed19043e5f0924d01da4c110242e11b5511744e3b3e000a810d30a3dc
841,benign,cwjie_251125_tile_56_53_0_conf0.60.png,4,Benign,4,19314,d71ca70301f74391064e8c44755a5b4a314ed2e04861129f4a1833c043de1ac1
842,benign,cwjie_251125_tile_56_59_0_conf0.80.png,4,Benign,4,12672,55a1484c44e4477d8d87f0ee741ef48930cbd7d95110767d32686d32674a7b9c
843,benign,cwjie_251125_tile_60_44_1_conf0.79.png,4,Benign,4,18002,d4520264d4e3f98f0d514d2721ac0c8d8ca71af1d5bfc622ed6c590745882ef0
844,benign,cwjie_251125_tile_60_50_1_conf0.78.png,4,Benign,4,14977,a076af0d8711c7417cd1b0814b5706c6de9637ef16380e1f8c28adc364b8d7f0
845,benign,cwjie_251125_tile_61_51_0_conf0.82.png,4,Benign,0,11023,da0d3bc283bffacfaa0fd054ccb3e2491e6ddd667e1aa648393672734b527589
846,benign,cwjie_251125_tile_63_60_0_conf0.80.png,4,Benign,4,18511,da01f58b89b702d63028eff49e084ca3243d3993ee36bb64024703e2984aadc8
847,benign,cwjie_251125_tile_70_31_3_conf0.62.png,4,Benign,4,24180,17d81f361b4cdbbf15209e48da0c98a739f5bb0d5ddc1d1379603b36c78818ad
848,benign,cwjie_251125_tile_78_36_1_conf0.76.png,4,Benign,7,8266,007fa120da22a352c0b5e497f0a30f45f5f16a739d33b1c49626700e1f995cdb
849,benign,cwjie_251125_tile_81_21_5_conf0.63.png,4,Benign,7,9657,130c6f9ab1d6b075f4528b7aa9516fc55775a412f59a1b10d96d59f0af9e50f2
850,benign,cwjie_251125_tile_81_43_0_conf0.66.png,4,Benign,5,10031,eaf477b49c5076e08a7f1e6614abcfd5497ff149f62fb0f936c34c6864af381a
851,benign,cwjie_251125_tile_9_56_0_conf0.83.png,4,Benign,7,10566,683f1c0e20c6b06aa46e2af3df0bf5f5b0275be27ba4c253897773c9e57bd4ce
852,benign,cwjie_251125_tile_9_59_1_conf0.85.png,4,Benign,7,12416,71d69ab16afebea24b1e2955e53c40cb49f0d32fec19d9c3040f7d911c783956
853,benign,gmhong_251125_tile_10_10_0_conf0.87.png,4,Benign,1,13769,b4a8684c10d885981bed564ef1cb721c442d52347099568a918c65df8ce00c1d
854,benign,gmhong_251125_tile_10_10_1_conf0.83.png,4,Benign,1,34939,e26985fcdfb0ca2bd4614ea2eba43a725246acdc4ab7ab4c85ff087c7d6a3143
855,benign,gmhong_251125_tile_10_11_2_conf0.70.png,4,Benign,9,25062,552927aa941f32891e0500236b4d225f59b965266b37c3583c47a5b4b07fb6be
856,benign,gmhong_251125_tile_10_14_0_conf0.78.png,4,Benign,1,19730,33bbb9881cf1940da0bd01edfbca10e38ae31624fbef729ad1cf1f347f0da01d
857,benign,gmhong_251125_tile_10_6_0_conf0.82.png,4,Benign,9,22725,73405aa46ff079898713f4e1ae5d95a692cc4963393b719099c1a0999e148175
858,benign,gmhong_251125_tile_10_6_1_conf0.79.png,4,Benign,4,26998,ef67b7acb66d40a881e8a92568e71734bb5eeff78142e48f3c02b1b21c2cf207
859,benign,gmhong_251125_tile_11_22_0_conf0.84.png,4,Benign,1,26335,a519d9c5f3a2a0d91010675431d715bd270dd35e36b862a569b8a3295e0f3840
860,benign,gmhong_251125_tile_13_39_1_conf0.45.png,4,Benign,1,19494,b011e0cfff3c19446187fb4b92683baa086c131b1faec345166aa23b116ff8e0
861,benign,gmhong_251125_tile_14_17_2_conf0.79.png,4,Benign,4,26223,7841b106cf9583be7ea1a1e14b623db7f5f83fec87a4f355b4f27642937a629b
862,benign,gmhong_251125_tile_14_18_1_conf0.83.png,4,Benign,9,17821,6f1f52f75d19e5ea92f5cb74d308ca8fb6f0147b0df150a06ab860c6cde5835e
863,benign,gmhong_251125_tile_16_31_5_conf0.64.png,4,Benign,2,10425,5bf17d383d7edbc63d57d44ab82ecc434de08d0e4ec30c49d21c438d3be6be12
864,benign,gmhong_251125_tile_17_15_1_conf0.86.png,4,Benign,3,14145,4d01327218d8f857844f8c881e09675e33afa51997524f17ddbb69f37aa26d2d
865,benign,gmhong_251125_tile_17_34_0_conf0.70.png,4,Benign,4,10067,16dded17d1f673c71bc5c29eb6b846abc0571276033896defc90dbbca26bf63d
866,benign,gmhong_251125_tile_18_15_0_conf0.79.png,4,Benign,9,24917,e904bfb6eb7545df6ba3acef142c149b26729f3183c419f22b37c24205904154
867,benign,gmhong_251125_tile_18_20_2_conf0.44.png,4,Benign,6,125738,36599d74a7c9478829da104e520b0dbea2df2bcae1d585a0b4246d056bf6f7ea
868,benign,gmhong_251125_tile_1_22_0_conf0.92.png,4,Benign,5,16005,04dab0009e03171fd877d8790ac090bf417422cfdefd5f126dac549dc3bffdb9
869,benign,gmhong_251125_tile_20_17_3_conf0.47.png,4,Benign,1,29909,281125dc3ab1d34f1a9fe1a05529462279c7bfc039fa3119eb372a1f4790359c
870,benign,gmhong_251125_tile_21_9_1_conf0.73.png,4,Benign,3,21991,907b3b9e9068fcab8aab8aaccad01c7aac720869a857a95099b6b2bb47ae8cec
871,benign,gmhong_251125_tile_22_10_2_conf0.69.png,4,Benign,3,17589,a8c0f76525d8f4db539d9c4fdf9412c56b92cc8d2b208bf3c35446c25bc573a7
872,benign,gmhong_251125_tile_22_16_2_conf0.66.png,4,Benign,1,32698,10dadc6e385da01c28054a281c161331a108ac17de65d2b02b790e67357e4c73
873,benign,gmhong_251125_tile_22_17_1_conf0.80.png,4,Benign,3,11537,f3e608cf1baf872d077a807f8fcd41c86a1820513011846656b8892f529cbf24
874,benign,gmhong_251125_tile_23_12_4_conf0.63.png,4,Benign,6,46389,fbc52a80b2bf9c257db5f3d53723d1bd370367bd3c0dc90c8815e4c270a2f708
875,benign,gmhong_251125_tile_23_25_6_conf0.49.png,4,Benign,6,61901,281841dd6cf4c595b26946a1a2a6242722a7aa83237ea0a5abc03240a3258e78
876,benign,gmhong_251125_tile_23_41_4_conf0.48.png,4,Benign,7,14013,f89a18cde84324b5d47f1edb4115872a7096aebcf4461dc0728777b6ae4953a5
877,benign,gmhong_251125_tile_23_43_0_conf0.81.png,4,Benign,4,15043,bac724a81b9286e3b5d8a810557fa9a781a555ead14cbf31e5ca09e41f265b3d
878,benign,gmhong_251125_tile_23_6_2_conf0.77.png,4,Benign,1,19039,40f10c68a1e00c83d903ccef6746eb48a9c2bfde3efa728bf6c8ed20eca5629f
879,benign,gmhong_251125_tile_24_14_0_conf0.87.png,4,Benign,6,80323,c1ec8feb901cf61dfe146c53ca1190970f6f89db0b3d52451491c636c440a92a
880,benign,gmhong_251125_tile_24_16_0_conf0.90.png,4,Benign,1,17038,6d084336ad35d2f87703caa1ae6bd30d21d8b0dac42a29aae066f0eef153ae7a
881,benign,gmhong_251125_tile_24_23_0_conf0.88.png,4,Benign,6,95807,0e904a81d4b69e63b09973ff299164ec14a5e180e1a1db33ea72c9c7a8ccda6c
882,benign,gmhong_251125_tile_24_29_0_conf0.90.png,4,Benign,1,17049,5cc0ba7cd049b6fc1842123019b854150dfa5aad805cae5914898dd2b554963d
883,benign,gmhong_251125_tile_24_29_8_conf0.41.png,4,Benign,2,8841,129fa1131512df421dabc2709270ea5e92a27d81100c46bb08a035c8717c6151
884,benign,gmhong_251125_tile_25_18_1_conf0.63.png,4,Benign,6,45183,5dbe8a92dbad4d053ced9aa7ef38efad945a5924fdf49ff63fcdcf91306e36de
885,benign,gmhong_251125_tile_25_24_1_conf0.84.png,4,Benign,9,21854,ba30f2511254d908943e5a63d46ae6be3d87105231ea1c2587a66d1ef4fc3b73
886,benign,gmhong_251125_tile_26_12_0_conf0.81.png,4,Benign,7,23759,50e727e7370a9f8076adc03ebe5022bff99c7616b8b8f3dee97031d98cd9b6f2
887,benign,gmhong_251125_tile_26_15_1_conf0.78.png,4,Benign,9,38608,f1f9925d7ab6b3ca3d0b98c685b19a74e3b7a86bef232ba8db127da95ead2bba
888,benign,gmhong_251125_tile_26_16_4_conf0.69.png,4,Benign,6,95097,35188c6c7e5b7400e7c94524c097a54cfd8db327f0f30d6934feb4f3d948276e
889,benign,gmhong_251125_tile_26_24_5_conf0.51.png,4,Benign,4,21180,afce40bd657c11663c6c4590d09e6e24cb4379905178c734864157e4a70bd339
890,benign,gmhong_251125_tile_26_27_0_conf0.73.png,4,Benign,1,27054,c4b0d2d756b9be18ad04accd9c96c11d6f2836e904bed90a021e160b429c80c9
891,benign,gmhong_251125_tile_26_36_3_conf0.43.png,4,Benign,3,29034,d1ef9901734871efb580de454c438c659a0369f8e2ee298b4bddfef24a0b4ce1
892,benign,gmhong_251125_tile_27_38_4_conf0.53.png,4,Benign,7,10713,d1f892f84907b1b659e9396640165be5313d6f211f39e2676123c750ef38f026
893,benign,gmhong_251125_tile_28_21_0_conf0.83.png,4,Benign,9,32402,12ad966ad83b6374bb9f471fb52f24b6f1f4c553f5adcad406c121d4d60c547b
894,benign,gmhong_251125_tile_28_28_4_conf0.56.png,4,Benign,7,11248,c8ea2dccfaa5863994053eccdae36a1e7e38ac4d2b9b0e6884cd2d0a55f811f3
895,benign,gmhong_251125_tile_28_32_3_conf0.51.png,4,Benign,1,34669,9a09810da9221759df98fc666fc044e43aab5a12046343591028c0de90a2009a
896,benign,gmhong_251125_tile_28_35_3_conf0.69.png,4,Benign,1,43027,e1fc4336b886e7a0830b3b82bfeae9c703bf834b00e6472120d441d45e651687
897,benign,gmhong_251125_tile_29_11_0_conf0.80.png,4,Benign,1,30384,958c128be100cb91dcebdc109fcb4459999b8faf6a40e527a47eab8aec0c6fd8
898,benign,gmhong_251125_tile_29_16_0_conf0.75.png,4,Benign,9,21774,42602ce2a5591a9442a579cee2d1f2e03c9dab869a1c298d2b535f19901b3702
899,benign,gmhong_251125_tile_29_16_1_conf0.70.png,4,Benign,4,32064,b2c33bc390a1d42b03f08f5a7d1f2940006a6de4f23f0e9b48b08abc7b53545a
900,benign,gmhong_251125_tile_29_18_1_conf0.76.png,4,Benign,1,24241,6aa88a2f33799355ccafd19669910d24bee19d82bdfa82c04a399079ed391bb4
901,benign,gmhong_251125_tile_29_19_0_conf0.86.png,4,Benign,1,22384,25532763312b33153c06bf8f05d98232dac396cbf3fc4c6c5fdf52d6a50f5970
902,benign,gmhong_251125_tile_29_22_4_conf0.57.png,4,Benign,9,23275,73b63f30b6fb6cf538d0c915bf991039bd4634cddf70654b2758e091b1e4f721
903,benign,gmhong_251125_tile_29_27_1_conf0.75.png,4,Benign,9,48634,84b4bcd2d30118d776d1a3648df7fb94019965cfcb9ca287bccbb47007440e3b
904,benign,gmhong_251125_tile_29_37_2_conf0.78.png,4,Benign,7,9457,bb9f3aeb6f6c449c28106a9fa79d492957ac39a53cb1d57d5db7aa3989c0738c
905,benign,gmhong_251125_tile_29_38_4_conf0.43.png,4,Benign,4,29008,b0a9064fcfcfd93b22e8804d15bfaa6f911d3b27810a934356a0f644fc5cba85
906,benign,gmhong_251125_tile_29_40_6_conf0.48.png,4,Benign,2,19275,95a58bbe1665746899cc6b157f1ef6f6cc0e2b30e978ce0fc7620107e535093e
907,benign,gmhong_251125_tile_30_8_3_conf0.57.png,4,Benign,6,56610,ddc7e329737e2bd75ebb543d1af2abe8e53563b02fbaaa0020175eccb7345ad5
908,benign,gmhong_251125_tile_31_26_1_conf0.80.png,4,Benign,2,8907,c6f5ae74142369d2bdd9172618effbe03dede0f82782eeaec0bfba009f2abc3b
909,benign,gmhong_251125_tile_31_41_0_conf0.86.png,4,Benign,1,14678,7d06cf28ace02bae78909cb9674552b40b541a46cd7bd09a37323d305520bfab
910,benign,gmhong_251125_tile_32_28_6_conf0.47.png,4,Benign,1,55183,146fa6c6f5d29c2b53cc626b9382d772337bdfbb1a585dc30984758bd6852d3c
911,benign,gmhong_251125_tile_33_10_0_conf0.76.png,4,Benign,5,6807,14b97ffa437f83494e3538f0b7384e77a44ca5f1392aa9114496b396ca7b46ab
912,benign,gmhong_251125_tile_34_10_0_conf0.84.png,4,Benign,1,22588,dc1f20d8d47bb5b48bb4d55f8d7366f874f2c45ba92e7a8b9f6608de13d6a041
913,benign,gmhong_251125_tile_35_12_4_conf0.47.png,4,Benign,2,8362,ff5a7b734945516c25c21ad958383080781578f03c6955ef2905e9290e0f7955
914,benign,gmhong_251125_tile_35_37_1_conf0.79.png,4,Benign,1,23626,772756bdd68edb2106113b8cdb3f9e275f9068bdede9f11a693cceb06da92d35
915,benign,gmhong_251125_tile_36_23_1_conf0.85.png,4,Benign,2,14270,5905f2d6ac96cf8d145c6f96c9f48e735a67e2121aff26bf1a9326521037f903
916,benign,gmhong_251125_tile_36_26_0_conf0.90.png,4,Benign,5,11048,72ac0aff96b007cddb18ea8f52377bbf41925127ac58a9a025f194805061df99
917,benign,gmhong_251125_tile_37_29_3_conf0.56.png,4,Benign,6,153405,f49d55b0119e13f80e55592386dd2a12d23739d9f09c93dc8c60a1e228dcad1c
918,benign,gmhong_251125_tile_37_31_1_conf0.68.png,4,Benign,6,78175,57de9a94d06de4239965edd997b906d0e05fd95e6d9ce2d4a164ad4c0d37e47a
919,benign,gmhong_251125_tile_38_22_0_conf0.78.png,4,Benign,1,22931,ae6df5d519e091a3f85b4061d1d6214ce15e2b1d221f52f75e9e27204329aa65
920,benign,gmhong_251125_tile_39_28_0_conf0.80.png,4,Benign,6,32833,f311afac12378615f0bcb3eef8d7900a52580663ce7f303eb8adcd0a06bb30e0
921,benign,gmhong_251125_tile_39_29_0_conf0.85.png,4,Benign,1,59990,1765cc89423f86e5c17a571951e98d194327be74d486a6a8c59d898029a4037d
922,benign,gmhong_251125_tile_40_19_0_conf0.73.png,4,Benign,3,8386,45074685af8b8c91a9b001b8d30e37e0f7d5bf641d67d3e091d146388d635180
923,benign,gmhong_251125_tile_40_21_3_conf0.44.png,4,Benign,3,10142,9c1e635f9143a7f928bfffe7ee3dc68bd858243d2e6a4c2e2a6c3e44957f0312
924,benign,gmhong_251125_tile_42_17_2_conf0.69.png,4,Benign,9,35873,91abc943f36a81476801a43dafe208ca2937539a28e68dddfccb2fe5d7af89dc
925,benign,gmhong_251125_tile_42_28_2_conf0.52.png,4,Benign,1,28705,ddd970a05bba83e4c9302772b2234dddcdbe51246c1e6f657442a7651a168dc1
926,benign,gmhong_251125_tile_43_36_0_conf0.80.png,4,Benign,1,22528,06f8603d15b31cfbdf77ee3aa825376bbd531c4a64fc6bcfa2f25d50b42c1132
927,benign,gmhong_251125_tile_4_20_1_conf0.74.png,4,Benign,6,28909,230eb7140f626a5146dcb79fbd51f443c6846b9629e98c6d06cd4b17085f4a71
928,benign,gmhong_251125_tile_5_21_0_conf0.79.png,4,Benign,1,32913,3588effcce0f2a09850a144172d61af29bad396c6de60113e0de28acc19b1d9d
929,benign,gmhong_251125_tile_5_23_1_conf0.63.png,4,Benign,6,98403,5f3e79523b6ef945d31a80e8fe2599233559629304372694efe9bc55210990ff
930,benign,gmhong_251125_tile_5_24_0_conf0.70.png,4,Benign,3,20914,9bc1518ede6c69b69264a3c5b901c0b84ece393266820b5b55f5ba9220cf488a
931,benign,gmhong_251125_tile_5_28_6_conf0.51.png,4,Benign,2,12016,f77925e783eda2841fc0dd38eedecaa96ea644f3056572cf9f889f8a9e656966
932,benign,gmhong_251125_tile_7_24_0_conf0.87.png,4,Benign,1,33804,fc7731be3e3bd4fc3aca2636082f2f81cef80544162bef7dbc86706c26bab5b5
933,benign,gmhong_251125_tile_8_12_0_conf0.76.png,4,Benign,9,21506,f6d5ad67b33387ed4d3ff8500197311c722ecdec1c97553283e085090ed2876c
934,benign,gmhong_251125_tile_8_18_1_conf0.81.png,4,Benign,6,34609,335033635229a425463e7f4509ca82e837b20366d603479e3a94195d3b04c254
935,benign,gmhong_251125_tile_8_18_4_conf0.61.png,4,Benign,1,30802,69d8b6ccf9ffbb97b7459fdf29771c118ecd6bd508c8246a742550da5a9b7dea
936,benign,gmhong_251125_tile_8_20_1_conf0.70.png,4,Benign,1,19627,b39cf5c310cb9ad5961d8cba863d2a61fcde7c7bb034e95e0722e47917ef3d69
937,benign,gxlin_251125_tile_12_30_0_conf0.87.png,4,Benign,9,30425,778243819ccf6be8550d05df888b072c929966fe05a208adf04b47c239c35fb1
938,benign,gxlin_251125_tile_26_15_0_conf0.62.png,4,Benign,1,40616,07330b91a5c910dc38d8e48f5a9230b30c46d8123f565b913e25ccfb8d38de2a
939,benign,gxlin_251125_tile_27_21_0_conf0.90.png,4,Benign,9,38754,f303243275c34ac51e1e3905ef0d9a4bdf84a953110f86c7c696cf9722298bbb
940,benign,gxlin_251125_tile_31_12_0_conf0.81.png,4,Benign,9,58895,e4fe26a7cb87a236c50f1299a459f3852a2e73c3ef875a617310dbc78ad31980
941,benign,gxlin_251125_tile_33_42_0_conf0.83.png,4,Benign,9,86793,bdccdcc3f81e4c65e21484c1e9e6e5e968983c950a366f46ceff7875837326f8
942,benign,gxlin_251125_tile_36_21_0_conf0.80.png,4,Benign,3,8955,f03b147a873d966a1e085773eee02999145901d3b81f9e52ed6cfb2199239ba6
943,benign,gxlin_251125_tile_37_8_1_conf0.53.png,4,Benign,6,66247,e52570a2eee71ff48ed099756194992ae96098e792ac909ebbf22ce969df54a4
944,benign,gxlin_251125_tile_41_27_0_conf0.85.png,4,Benign,3,9030,7fc9cb5a5a2b35afbbf97417c353d46d3f86f78191dfb13e99709b39dfa4b897
945,benign,gxlin_251125_tile_41_33_0_conf0.79.png,4,Benign,9,19557,2f516cfa7d3402634c6b65e0e6483373c4039e2bc56d5e9b0ebc20112fbe6133
946,benign,gxlin_251125_tile_41_42_0_conf0.80.png,4,Benign,2,9451,979148ce5619deca6b45784afdc7cb9e74183428d28a15622bb0304898352f9a
947,benign,gxlin_251125_tile_45_26_1_conf0.70.png,4,Benign,2,10371,543e11a43b963db414158f640b2866b53c06e4a6b24e4fd7cfb6cac8fc50a32c
948,benign,gxlin_251125_tile_46_21_0_conf0.90.png,4,Benign,9,48555,3228b43c7bfb12be0ac7f11deab08ea25a6515fed9fcccbc7370980713f1a1f9
949,benign,gxlin_251125_tile_46_26_0_conf0.80.png,4,Benign,6,98370,307b94bfb59827334070ef69824102131776c55a63f166b519378a11cc73ef7b
950,benign,gxlin_251125_tile_46_27_0_conf0.91.png,4,Benign,6,83647,b7b54df4e38744946696e078bb4d41f3b729ab077af49c4432fa9811fdf37d61
951,benign,gxlin_251125_tile_51_29_0_conf0.83.png,4,Benign,9,96120,58b57923575a936fc5a6a2b5213f09e48db3b43f84c795f0d2d26c9b0077f3c7
952,benign,gxlin_251125_tile_52_42_0_conf0.70.png,4,Benign,9,62482,e40664da4ddd5d133c443d654ad1e7de17afa534b018c8a74fa2e520ca1ebd60
953,benign,hgshu_251125_tile_13_5_3_conf0.73.png,4,Benign,1,25315,7300d6ddb06cac04ff28d3d81800a03941f7b5e6447683926af5d49847e0dc82
954,benign,hgshu_251125_tile_15_11_1_conf0.82.png,4,Benign,9,38762,d87f09d215b2a5cd795130441ab9aa9770e99f716d7612d61f283ddfd7cb4888
955,benign,hgshu_251125_tile_15_26_1_conf0.87.png,4,Benign,9,42870,ca7afe3a6b4aacf5e589d10e5dd020c08e6754ebedd453e5fbf50ed313889b8a
956,benign,hgshu_251125_tile_16_13_1_conf0.85.png,4,Benign,1,21291,f5b18a84a245b17202903a36150221f83f418001da6fb5b88163d710a8aafaea
957,benign,hgshu_251125_tile_16_28_0_conf0.86.png,4,Benign,2,7810,c24d15dfecb72bc9c10df9300373911245ea319d88cc6544b5d4d406dd964723
958,benign,hgshu_251125_tile_17_13_2_conf0.67.png,4,Benign,2,7637,4467451bff133d66c6cfe29958c7eab48255724b77bbfb3fe253b0a987eca7b5
959,benign,hgshu_251125_tile_18_22_0_conf0.78.png,4,Benign,9,18973,4239405ddcd7436a0a83fc1db8423b7aca3bfb663b2d93bbb81a9e95f4fa6faa
960,benign,hgshu_251125_tile_18_32_0_conf0.84.png,4,Benign,1,29994,286008f5d48b29ae99a0ed1e03f3c9c48464c164b2fb3f54687d1d9adcac4d97
961,benign,hgshu_251125_tile_19_21_0_conf0.89.png,4,Benign,9,28201,d7e37fd154c200dd150a0777c5dfcbeaeff79409ad7fb8f8877b7fb2aef04c23
962,benign,hgshu_251125_tile_19_23_0_conf0.81.png,4,Benign,9,32176,2ab83786b66292287e946077757f5bb07587ba25603eabfe5dba2fb20da80323
963,benign,hgshu_251125_tile_19_8_0_conf0.83.png,4,Benign,9,15521,4704668b85086d68a8ace13c6e89526915bc14fb03af7364d93c9faab67da3f1
964,benign,hgshu_251125_tile_23_0_0_conf0.90.png,4,Benign,2,12840,b704283479ce90ff2c5c7d781954cf9b8267a802a61610a045c3249ac1070bb2
965,benign,hgshu_251125_tile_24_12_0_conf0.81.png,4,Benign,1,29799,8f74b91b722c04630cef43c6f11b7299efffb4d28e3d055f73dbfc86c5297f5b
966,benign,hgshu_251125_tile_24_25_0_conf0.88.png,4,Benign,1,32590,c5644926e9418979cc3103c704cb4bc6a94d992d94eb0e50a3f1edf3cd2d2630
967,benign,hgshu_251125_tile_25_20_1_conf0.82.png,4,Benign,1,30410,5cdcf2ab5f44b601b8d9fa38290b354d6503d0f3eaaffa6f12bf2bb28fa31173
968,benign,hgshu_251125_tile_25_23_0_conf0.63.png,4,Benign,1,40638,d6fac278a086b07a9b7fba21cb6ca9a94ff730b6af935c6b5e6441749d4f0758
969,benign,hgshu_251125_tile_25_26_1_conf0.73.png,4,Benign,1,24264,e4ee630f8f1d0ee45a159c61aebcbab4497c5aaac41200616dfe665517dc3395
970,benign,hgshu_251125_tile_32_21_0_conf0.82.png,4,Benign,1,25500,3967a2b68d6033cdcb5bb99a8ed82c96dd108e5149f6bc601cf6d46fe855934a
971,benign,hgshu_251125_tile_32_38_0_conf0.80.png,4,Benign,9,16585,3cd85a99be144f53a8e428220ab8736e1029edc26b0172e26fa414892c82371b
972,benign,hgshu_251125_tile_35_25_0_conf0.68.png,4,Benign,1,34920,2c4a530d3141bba435c3339eda5f156332d42222cc06726320a539dff74ff2e3
973,benign,hgshu_251125_tile_7_27_1_conf0.78.png,4,Benign,9,17886,fdff7af63145ada5754bf7e52e67d8b1043385b910e808255d337ea837ff7814
974,benign,hgshu_251125_tile_9_18_2_conf0.53.png,4,Benign,9,47921,30a84b6245b65d4793013e8302f0034ad8bc58b0e9c30b80742a5aca6698244d
975,benign,hgshu_251125_tile_9_23_2_conf0.72.png,4,Benign,9,41183,062d6a4fa9554f376ae58c7cb5bdbf6fcbf3cfdf29cd16edd293429f2e839767
976,benign,hgying_251125_tile_10_24_0_conf0.77.png,4,Benign,3,8139,b2e04f745dca2e69c8590d6254d5c9e224212d64ef415ee2e81a2b6f2f603014
977,benign,hgying_251125_tile_10_28_2_conf0.72.png,4,Benign,3,7134,645df2fd1884a1ee8bfaa138bd8ef181d0a4ab159bc2b6755f335eba8950b5b3
978,benign,hgying_251125_tile_11_12_0_conf0.79.png,4,Benign,2,8957,f242cf97c2051edb1d12687a14b9ebc6b0cf1a95513c4eddc59a0175fc89c16d
979,benign,hgying_251125_tile_11_19_0_conf0.90.png,4,Benign,6,102518,4377f1b5731be566851d194ae20d3645ffdb85499c45d4ea33282b0ac5f34850
980,benign,hgying_251125_tile_11_20_0_conf0.83.png,4,Benign,6,129772,a6fd62680f83cf1062b0e641fe922830bb05b5f261fbb586a93c7b6abdd546c5
981,benign,hgying_251125_tile_11_34_0_conf0.82.png,4,Benign,3,10189,296b163a8fbbbdb49498e4eba90a5fd081afe2cfb1560ea29b0374f21964662b
982,benign,hgying_251125_tile_13_10_0_conf0.86.png,4,Benign,2,11893,39416f5c55116632e0f05d83d66665752906288799c88049a0c462b9c8c3b053
983,benign,hgying_251125_tile_13_10_3_conf0.70.png,4,Benign,3,11765,42a7ff179050221a1c412c732afd72332c67b38e35e1728ca156f54648a59213
984,benign,hgying_251125_tile_13_19_3_conf0.65.png,4,Benign,2,7446,a4cb7d873e53a66dd5964f79ab48fc05ad4bda56398767a2be6b250af5d55775
985,benign,hgying_251125_tile_13_19_9_conf0.43.png,4,Benign,2,11435,86f40a3ab12e488d091b881a98fea3bbcec939a8700908c1283b98158e3537ee
986,benign,hgying_251125_tile_13_20_3_conf0.57.png,4,Benign,2,14909,bf20f8080badcc4a3f02e811f2a29c78d664b60b0381ded85168d117dae12f7d
987,benign,hgying_251125_tile_13_24_3_conf0.59.png,4,Benign,2,8002,950d9da07e2f61d40b1e08b1753b366ebdabb3878fbddb7d0c158e0c90d6cd7d
988,benign,hgying_251125_tile_14_10_1_conf0.75.png,4,Benign,3,10445,084017ea4e409380c80dbdb9af7a1a8c114f19c577c5bf3eda20f81b0a5714b0
989,benign,hgying_251125_tile_15_23_0_conf0.86.png,4,Benign,3,8304,5fb9b06d34629978ee8303ace29425af77100b51cd8f255b89850b6d73b714ef
990,benign,hgying_251125_tile_15_24_2_conf0.79.png,4,Benign,3,7004,5cd1430a1be772a8653afd54325d38440278219ec2d0c440b08ec82df730d8f2
991,benign,hgying_251125_tile_15_25_1_conf0.67.png,4,Benign,3,11195,c4b8506373a211e1f35ae4ee117f96ddda4d32fc38042b360570cbdfadb1fbd2
992,benign,hgying_251125_tile_15_26_1_conf0.62.png,4,Benign,2,9412,a4fab58756471c149e99763151b2bda98d980ab373fe00efa79fea0360f2cb47
993,benign,hgying_251125_tile_15_40_0_conf0.83.png,4,Benign,1,42275,196d43b15ec4802c1d98b1e8c16c7d5389fbaf8f4a8dcf919322918b9d7d5d0e
994,benign,hgying_251125_tile_16_25_0_conf0.80.png,4,Benign,3,13703,a46f87df4820f6cfef720515c3984e4063e66b8968d381f8dcc2a0983fb599da
995,benign,hgying_251125_tile_16_34_1_conf0.72.png,4,Benign,2,8946,c38774e8e59fe84ab78878ccde59b11f8ed6f04e52fdd0c21f7c94ac103a3e3c
996,benign,hgying_251125_tile_17_29_5_conf0.61.png,4,Benign,2,7099,42839171931e8a507cbb2a50555202bef67a92be873ac839b248150b38d707b2
997,benign,hgying_251125_tile_17_33_0_conf0.63.png,4,Benign,2,8456,2ae6734b00181c67778871731db8d262a7c722503bc982d0ab5c456852f40c46
998,benign,hgying_251125_tile_18_32_3_conf0.40.png,4,Benign,2,8438,e1e88be977c4e5b3507682d3494bb02bca590f36d997a9cc2aec7c2a09b2e92d
999,benign,hgying_251125_tile_18_33_5_conf0.55.png,4,Benign,2,9148,64b0b79539d76c2aeefadce48189acd767913950b6413941e7e4984cddc180c1
1000,benign,hgying_251125_tile_19_16_2_conf0.56.png,4,Benign,2,11263,0a8cabf5ab6afc7bffceab839d4d1f5046b2a5bc4a064edd1f6299e46da5313a
1001,benign,hgying_251125_tile_19_30_0_conf0.74.png,4,Benign,3,8735,4e98202f90235d88311c78bcf3b964e1a4edfc7c79443daf3e244ebc90cd0a05
1002,benign,hgying_251125_tile_19_31_6_conf0.49.png,4,Benign,2,8081,774c88b443d959dd334679d28594d018c54cdc7f87f88f6f37235fe93d7e7f8c
1003,benign,hgying_251125_tile_19_32_3_conf0.55.png,4,Benign,2,7816,9367d0f9139ed242f9e822a7c6d35f55c255ab15de8e65e7944e55b26e709782
1004,benign,hgying_251125_tile_19_33_0_conf0.81.png,4,Benign,2,16247,2562dbf8b18a4054fef73e43f9254381f4f9a2797d1b18dd66cf678d2d7afddb
1005,benign,hgying_251125_tile_19_33_3_conf0.63.png,4,Benign,3,8676,ff82c32c235c555d36c7d7f7e4b85c9e9fe2f5f56cf20f8b8cd89af662918c08
1006,benign,hgying_251125_tile_19_9_1_conf0.67.png,4,Benign,2,4779,82ecb1484233a2410af3d1b6698109ba2646f4a5a1b10ebfea32110b9bb9a7e6
1007,benign,hgying_251125_tile_20_30_4_conf0.49.png,4,Benign,3,5382,3af28320d2c3a0a99cbf339c550393f2995cab1cae3480db634f2d3bb2351a24
1008,benign,hgying_251125_tile_20_31_2_conf0.67.png,4,Benign,2,7268,e67b4010ef0a7a2e3b87a3c7a47fa21d87d68c61c822b6d1a1e406d4f016d98d
1009,benign,hgying_251125_tile_20_34_0_conf0.90.png,4,Benign,6,62205,df106b37b1f302a079393a6ac768858aa679bd75a014003d4ace8596d26e2364
1010,benign,hgying_251125_tile_21_12_0_conf0.84.png,4,Benign,2,8026,49e323731b7612f1798214d30b7c241da695a31c581b90f45341f8023fb44598
1011,benign,hgying_251125_tile_21_13_3_conf0.46.png,4,Benign,3,11452,c48689daa1e1f14576bf0af044bba78676ca0954f6a677c67383fad23c9044f3
1012,benign,hgying_251125_tile_21_14_6_conf0.43.png,4,Benign,2,7529,dbac7fa2ec1505cb497cef4eee3df83260eec0d3bba7b56833d10ca804a72b99
1013,benign,hgying_251125_tile_21_17_4_conf0.51.png,4,Benign,2,9649,072c4af4cf2337ae0d383193c5e8d11bc9082da1fff0289327a278b5a9f327a4
1014,benign,hgying_251125_tile_21_18_1_conf0.40.png,4,Benign,2,7805,0662f4b7ae736d5c6a5d44f8e15c7f6a843fe3e55973ec42c1797061e2e9b9fd
1015,benign,hgying_251125_tile_21_19_3_conf0.70.png,4,Benign,2,7327,253e891c47a6dcdcb56eaf447d5c5af284dac1c2407aea450a8b2949842e6d86
1016,benign,hgying_251125_tile_22_10_0_conf0.84.png,4,Benign,6,88936,d94db9154bac9229f97ff7d534ac99c501f58ad41b427d9ffac424130c4fcdd8
1017,benign,hgying_251125_tile_22_19_3_conf0.61.png,4,Benign,2,9972,706e075c5a77609b1d4f88c0bc71dfe4fa837f36f841acd7b657e7d1574b153d
1018,benign,hgying_251125_tile_22_20_2_conf0.70.png,4,Benign,6,82162,5d34a71b3d17439a3e05ca9556320fbeeb4966862d6447b5395ad16beb4a06d7
1019,benign,hgying_251125_tile_25_10_2_conf0.48.png,4,Benign,2,7796,0d41e0087b34175da59b68ff56d196dbe00eabb0595b21fbd5ebddee2ee0f7be
1020,benign,hgying_251125_tile_25_33_0_conf0.79.png,4,Benign,1,76420,f62237da08b316d4f95bf416c21b5cd4c7d99fe8bb52df2fecb7a64db7d9d150
1021,benign,hgying_251125_tile_28_22_0_conf0.85.png,4,Benign,3,7887,a19b8d2c5019647d4d1e18eb8c36308272b373b8674312ee2480833c0f501016
1022,benign,hgying_251125_tile_28_24_1_conf0.61.png,4,Benign,3,10386,b25e4444e56883294ec28029f5a1bc32316a19f5e4247455df4e9a044b146d37
1023,benign,hgying_251125_tile_28_29_7_conf0.58.png,4,Benign,2,7009,062606224c94310cc2be30cab22ddf993b044f4b6f72214cd94734e634dc20af
1024,benign,hgying_251125_tile_28_32_0_conf0.82.png,4,Benign,2,12012,b8c8122d8de5ca7000fa26d563a0086c5d68d8e0aba06cb2021da5c39334fd02
1025,benign,hgying_251125_tile_28_40_4_conf0.63.png,4,Benign,5,7558,9fc7e064eb65feff4bab2856ad806fbc1c0d00ba20e0d688044927d417417170
1026,benign,hgying_251125_tile_28_6_2_conf0.64.png,4,Benign,2,11010,c83eda53298dd73d710cf72f9a79b2980604e5cf50fceae186a7790c59b6b907
1027,benign,hgying_251125_tile_29_30_4_conf0.59.png,4,Benign,3,7797,1cc1cc05734c85fec4f5c4ccd3e2548ba784fb9e56a18fdc529c624a6951b3bc
1028,benign,hgying_251125_tile_29_32_0_conf0.72.png,4,Benign,2,7240,a65aa9e6cdc34de40d894653ad701620c5e4f129b7dfd52926d6fc893a123b42
1029,benign,hgying_251125_tile_29_35_5_conf0.41.png,4,Benign,2,7640,aad7190294811d9ab572ea9cc9cd3f61db04ba64ab1505ea75cb6d1baa9cd0f5
1030,benign,hgying_251125_tile_29_36_6_conf0.73.png,4,Benign,2,12765,5923ed44e4bd52c54b861911aadec1e9a0b1d8b717223cd0f490055bded4cdb9
1031,benign,hgying_251125_tile_30_23_0_conf0.87.png,4,Benign,2,26483,8853c545a352e413a328c82d53e1613f55406ecc16fbce0838ba1f243390c439
1032,benign,hgying_251125_tile_31_24_2_conf0.81.png,4,Benign,2,9936,fbdad9d4bdf40046f751c74491ee29ffb6721b57f37b765f330cc038ab3f26b5
1033,benign,hgying_251125_tile_31_5_0_conf0.81.png,4,Benign,3,8620,fa6893667e2224ac936573c57fa2dafad1af0feffb6081f9de6e93d0b1a8c210
1034,benign,hgying_251125_tile_31_6_2_conf0.64.png,4,Benign,2,9694,dd0cfe2d549626af8d4ed6b6b0035d0e18a1436b7b2e802c4839f5bedfd94eed
1035,benign,hgying_251125_tile_32_11_7_conf0.50.png,4,Benign,3,8759,02cc5b48b0a0322b12873bba303cfa284afcbe25071160c54083cf5f06803672
1036,benign,hgying_251125_tile_32_15_6_conf0.43.png,4,Benign,2,8458,a92955984e788f2f8ea99c6fb048927f05251f41f81368100bf7c942ee59587f
1037,benign,hgying_251125_tile_32_24_0_conf0.54.png,4,Benign,6,85000,2e17e4b554767c936c121aaeb162e5a3c86b684ed7fac06aaf4347de59d7cdc3
1038,benign,hgying_251125_tile_32_5_0_conf0.68.png,4,Benign,3,14950,7cde2c7f755539b4102c01bdbe0b119c6913f1e6d8877f7b19877386c5f4d806
1039,benign,hgying_251125_tile_33_32_0_conf0.80.png,4,Benign,3,14075,c16ee2ef2caa98f27207a1f7d051b06611a5125c483f7896d985c6702141146b
1040,benign,hgying_251125_tile_33_33_1_conf0.70.png,4,Benign,3,8767,4c1565e6216fb0ea94023902c9e40c2b81d101565ab0992caa36c8aa19095fdd
1041,benign,hgying_251125_tile_34_26_0_conf0.69.png,4,Benign,2,11127,d12cdd0b01f60cf3f1943c507d320556e80c9edcb450c60199b1b52df71f702c
1042,benign,hgying_251125_tile_34_26_2_conf0.66.png,4,Benign,2,8952,bb4bf01a63ac48dfb2c6919cc21e9e245da2d5d3ef0b01cea479d1a902657fb7
1043,benign,hgying_251125_tile_34_26_4_conf0.48.png,4,Benign,2,6081,7f20fa40689e29ee1e17a5e492ec4c6e5a5d254cebceee2f65872e2ec5f9378a
1044,benign,hgying_251125_tile_36_23_0_conf0.80.png,4,Benign,2,12467,9b77e0f76286a97abbc168ebcbdbacd88a11e00e99f54b76b973fe167c3e09cd
1045,benign,hgying_251125_tile_36_26_2_conf0.77.png,4,Benign,3,7602,37fa0165329fa08db6e8516476dd1974d0f9a5458dc843d99a69e060e4de6994
1046,benign,hgying_251125_tile_36_26_4_conf0.67.png,4,Benign,3,7615,fd78424b94ef6e59a0b30da04f68e0a8e0cd63e6a0b5e3d01b2ced4d8c6296e8
1047,benign,hgying_251125_tile_36_7_0_conf0.78.png,4,Benign,6,98487,9c9adcb59f9adf42b3ab2c8294d4fd08fe98d50c66bcbcf369eff48e98c67f11
1048,benign,hgying_251125_tile_37_11_4_conf0.56.png,4,Benign,3,7179,71e3c89f2289fb8ed34ca3384c438d452cc81529dc74be3e6d378a6ed547a080
1049,benign,hgying_251125_tile_37_15_2_conf0.78.png,4,Benign,2,12102,ef18bde5d2ddbbbdb14caea2189dc7d7dd3baaf5dbd306cbddab586e795fdab8
1050,benign,hgying_251125_tile_37_19_0_conf0.90.png,4,Benign,2,17947,7a518b0050a4f79f3ef0ed0fa3fb2a4f3dcf5ff0355609d69ec0c047317207c8
1051,benign,hgying_251125_tile_38_30_0_conf0.88.png,4,Benign,6,151399,d555a53b662d6e81699be73e8e65ea5f3d1e1307bfe0f6365f4f09e0b725937d
1052,benign,hgying_251125_tile_3_23_0_conf0.71.png,4,Benign,6,120776,aba7f55e93e96710ed7b8635fed2acbd7adcb3552fc0d7ff1f9690951b906a87
1053,benign,hgying_251125_tile_41_12_1_conf0.83.png,4,Benign,6,114581,3ac137fc03abae1d0da68c44cd94212386abbbfd30c4c9da1fa57543bf91de9f
1054,benign,hgying_251125_tile_43_13_1_conf0.45.png,4,Benign,6,90608,fb9f33ae4c1a10e7525f6affa34ac58466ee8614001b3f4da114a9ef6a4d2af6
1055,benign,hgying_251125_tile_43_29_3_conf0.68.png,4,Benign,2,16427,23f2e7e00ef4e4de7a6f752559ff74aa19c2b44d232118de8a18e356aceb60ee
1056,benign,hgying_251125_tile_44_21_0_conf0.53.png,4,Benign,2,14619,2b99f0b93ca161244c95d91174190b783002bf441b85087c7c84c4559a5f6c5f
1057,benign,hgying_251125_tile_44_23_0_conf0.84.png,4,Benign,2,12723,a250088b7436ee8007c9ef1e420ad893e879593cb5768dcebcb63c70de7ede78
1058,benign,hgying_251125_tile_47_14_1_conf0.46.png,4,Benign,2,7332,b95b78462a61802332f1f02119c03e107acc6a4b90751a8e5670c43c1f6d886f
1059,benign,hgying_251125_tile_7_18_0_conf0.83.png,4,Benign,6,100827,fbf30863e15c71fbb956c1bad0e0992323e9f24b274176ebcf9eb32ccc0c3d8e
1060,benign,hschun_251125_tile_11_12_3_conf0.59.png,4,Benign,2,10410,568404b791c07c7d61eeb84f69012eba7dfbe2bfaa8914f194558872acc5801f
1061,benign,hschun_251125_tile_16_11_2_conf0.77.png,4,Benign,4,10488,ed3feaa70f4bc855115b7c8f4c1b6c48f689e6a37c90bd3796e4abf0b993cc2a
1062,benign,hschun_251125_tile_16_12_0_conf0.76.png,4,Benign,2,10499,48a708f357d2ae6d5ed6fbfa00894dafebe0b9385f29b83d61c250f41f68e38f
1063,benign,hschun_251125_tile_16_19_0_conf0.85.png,4,Benign,2,13360,52461f54f936906b57ec40023519fa6a24103481978a6b567b01ecc5313faee3
1064,benign,hschun_251125_tile_17_26_4_conf0.41.png,4,Benign,3,14006,2ab53ccf3ce817dcb17e4b0e535c6e128c63452e4187723db9475871347398e1
1065,benign,hschun_251125_tile_17_30_1_conf0.52.png,4,Benign,9,16225,0635836abfadb9818d5e83e3b76b7c1da5b3748c56e75ff7c50dde3ee24e8d98
1066,benign,hschun_251125_tile_18_29_2_conf0.65.png,4,Benign,2,13676,50f0f291bbaf483341566fc13854f8fd5014b1c862f6254ee755b8a648ed5c0b
1067,benign,hschun_251125_tile_21_32_4_conf0.49.png,4,Benign,5,12030,d7dc992fc07e277a5158df2f45d4433b173cd7ffa16b08b5440ab49aee128f2f
1068,benign,hschun_251125_tile_21_37_0_conf0.66.png,4,Benign,4,33006,066f098e28786927edfaab36266169ad18c9467b67fd98ad6a7e247059b02383
1069,benign,hschun_251125_tile_26_17_0_conf0.82.png,4,Benign,3,7041,5d285c74b12f005f3f5802aea40ded5ecd99fd02484371005742302de2e71928
1070,benign,hschun_251125_tile_27_5_0_conf0.70.png,4,Benign,9,18813,b25429a603cb6968f7fb9d50e8d5721f8d62a7b35c39969681c5a2c955bafc75
1071,benign,hschun_251125_tile_29_13_3_conf0.40.png,4,Benign,3,9252,6be8edab6a4c59665fb0248e7d7a111bf16367fc97670ca094987ba28be65009
1072,benign,hschun_251125_tile_29_17_2_conf0.71.png,4,Benign,3,5666,73d1275dc1c2548071f2a2d18f58ccdef55b53f9c649da353276676dd414c74e
1073,benign,hschun_251125_tile_29_20_0_conf0.81.png,4,Benign,4,12615,47af4bf02cb20a232790a245369a3bbfe5c0035e2e022618baa83b90275880dc
1074,benign,hschun_251125_tile_29_20_3_conf0.57.png,4,Benign,5,11297,9beceadf9110057978a67e7ff616e83963cc6e4cd6981f221d646d9788c88461
1075,benign,hschun_251125_tile_29_25_0_conf0.84.png,4,Benign,2,7024,0b46e35106c9b2bcc1f5896260b9827ed4c460fec0e5e27a7fabb1ac2122b5d7
1076,benign,hschun_251125_tile_29_25_1_conf0.83.png,4,Benign,5,10180,0d6fe03de43b73eb79b0d0bdbf53e40da09b2399bebc1cabfcbdea8e42ad8663
1077,benign,hschun_251125_tile_29_32_0_conf0.54.png,4,Benign,3,12391,3833fc52fad6d8e5b01dff2a2aa08616179f4808ece06d60aac159bec61b5d5c
1078,benign,hschun_251125_tile_30_18_0_conf0.69.png,4,Benign,3,10968,2e49b211ae2d703e27df1aaec069b5a1b04e6bddb18e07a120edf6a73d7608a1
1079,benign,hschun_251125_tile_34_29_0_conf0.83.png,4,Benign,2,8674,dbb65c7ba1aa5b3a21a373aaf03b1bafab5106cba8a5b9ce6457f994cc2e3bc6
1080,benign,hschun_251125_tile_34_37_1_conf0.65.png,4,Benign,2,11131,ebeeefecf2e4110bd7ed05361413ee6cb1d3f4bb18d30cab7656330ba5682aac
1081,benign,hschun_251125_tile_35_13_1_conf0.89.png,4,Benign,2,12220,16e624de352ee7f442afb693fd63a62ebd6f3f6488149243bc1f99062b0aa029
1082,benign,hschun_251125_tile_36_19_1_conf0.82.png,4,Benign,3,11159,70cefb774fa9315c063c7519a96d72c404a7973113827d95a5202578ac9ee740
1083,benign,hschun_251125_tile_42_27_0_conf0.74.png,4,Benign,3,13317,1a37eae3cccab6e7a0d8521878274b65a82331527e4c0c4fb7f17d0cd12d17e6
1084,benign,htxiang_251125_tile_0_26_2_conf0.50.png,4,Benign,9,27696,d4b3e2fdff144d8cbf257cd45b592eb661c4c3d1cabe912a84c54ba250e5fc76
1085,benign,htxiang_251125_tile_11_8_1_conf0.83.png,4,Benign,1,18371,24b2917067d3ad0b8ccda00946ef01b17e89c8de170a5cc879a6a7625579474f
1086,benign,htxiang_251125_tile_12_22_13_conf0.55.png,4,Benign,2,14710,c4126262a2eef24784b53133e5cf42dcecbcda56e6aace3d202cb20bb82b320d
1087,benign,htxiang_251125_tile_13_22_2_conf0.81.png,4,Benign,9,15334,1248cbcf835dc84ac0c7b77e81e796f2a3b6ab1ca1d918957d5e7e027931ea2d
1088,benign,htxiang_251125_tile_13_23_11_conf0.52.png,4,Benign,9,23449,252a95bc2459d5da44b720ea35380037fabd771f9b3a10512bd42b959e7226b0
1089,benign,htxiang_251125_tile_13_31_3_conf0.74.png,4,Benign,3,13138,b11e7a6febf00c645d546158197ae000a11a992c11b5a4b05b4dbc18bdd7be74
1090,benign,htxiang_251125_tile_14_11_1_conf0.78.png,4,Benign,1,49556,aa5f47ecc29f57de996da3ac7ee3b1f89b6395b1d213bbe7815b559c8b5ebf11
1091,benign,htxiang_251125_tile_16_23_4_conf0.81.png,4,Benign,1,36086,78aa4203547a53e1798fb246a7574ae36b07b0ebe93255539ad5893a62e4d5df
1092,benign,htxiang_251125_tile_16_24_5_conf0.75.png,4,Benign,9,19423,5c51de10740d86ae8e1fc4a5586b2080bae6cf80eca0350c5da066b8ec68bfc8
1093,benign,htxiang_251125_tile_16_24_7_conf0.74.png,4,Benign,9,21088,b79d43bf1c503dc32fbf7dbed7a0ca2b4e0f673d0a5ce796d563db1ad8add352
1094,benign,htxiang_251125_tile_17_5_17_conf0.51.png,4,Benign,1,37245,f69a2af5265b03e88381ebd4ffa8f4f85daef13ae1d6acabaf7746d4a5b778dd
1095,benign,htxiang_251125_tile_17_8_2_conf0.75.png,4,Benign,2,25487,a6109b4068e01115095960234b7c4365abfe2694e23dceaab7456b72e8d8347b
1096,benign,htxiang_251125_tile_18_33_5_conf0.59.png,4,Benign,9,39016,c1c17c5648961d4bef16c11eee97e5dc4a009a017cfffe1c2722dd7a5dd93721
1097,benign,htxiang_251125_tile_19_30_5_conf0.71.png,4,Benign,3,15841,288f270aa2d402a18e8f685dca0e91ed0bef62cf6593dd6f149651ec53f2c3f6
1098,benign,htxiang_251125_tile_20_26_2_conf0.81.png,4,Benign,9,34313,9db3bf66f8094b5c63bc5fb061729e14dcc362bb2d398e08863a60e515566ee8
1099,benign,htxiang_251125_tile_21_30_2_conf0.73.png,4,Benign,2,7758,41dd070c54a2aab9915ad5f53e220082832bb3e5baa4e3d14b46d15f25fb1694
1100,benign,htxiang_251125_tile_22_11_0_conf0.85.png,4,Benign,4,20214,0f700a329cff764072732d6387b0f6f517be09fc2a1a0ad976c714cfe3a4228c
1101,benign,htxiang_251125_tile_22_11_13_conf0.66.png,4,Benign,1,50218,73748b988d07de5ea0a2642a7a3397eccec901e63cd6a224349c9aaf4f6f0a78
1102,benign,htxiang_251125_tile_22_24_2_conf0.82.png,4,Benign,1,22858,9d11abb7ad61595261cf5280e9ade12a7a35a474bf833a3dcccc951bf806b8da
1103,benign,htxiang_251125_tile_22_25_2_conf0.78.png,4,Benign,1,24287,5143bdffd1a0214c34056f9b335ae1381e99b48d9623e0b64c47ba3be8204114
1104,benign,htxiang_251125_tile_23_23_0_conf0.85.png,4,Benign,1,24944,59503ba147cf7a17551ce3ec21c39af0ddc1c52c760c9efddc03a9d36e623d87
1105,benign,htxiang_251125_tile_28_12_5_conf0.71.png,4,Benign,3,11178,ae82eeb737f4d99a2e116f077f3423d7f354d4fbe0eca297ba7ea67b11da74f2
1106,benign,htxiang_251125_tile_28_29_7_conf0.65.png,4,Benign,2,10464,e433398d103eafde852f93e870d15097f47df8e4297ca8dc7af0e3b999491a50
1107,benign,htxiang_251125_tile_32_17_0_conf0.81.png,4,Benign,4,21340,74c4263ad540bc3f4bc188d2a40eee7ebd09a2a1194d8f42d182804159dedc4b
1108,benign,htxiang_251125_tile_32_20_0_conf0.82.png,4,Benign,9,60673,7b621ef381d2016ce1c1867768774fc584a3c9523ba29e2547eac11ee455d4a0
1109,benign,htxiang_251125_tile_32_22_1_conf0.82.png,4,Benign,1,37778,58652dfbfe7c6c3b29dc2635ee99ce2443f5e54194095d314e5dd082a957d17b
1110,benign,htxiang_251125_tile_32_23_3_conf0.73.png,4,Benign,1,33341,176d48c139381c282db5220dd8305c55401a6210f4bfb22114b71232c4584804
1111,benign,htxiang_251125_tile_34_19_1_conf0.79.png,4,Benign,1,55065,31d46784331bf2c94c42017f19febb4c03abae40ed6b0fd04dcaf12cb8e99ad6
1112,benign,htxiang_251125_tile_35_32_13_conf0.49.png,4,Benign,5,6380,7ea57117a7f3fd42a689701dee5277a5ac583eb53ca88bc3852423ca8eeaac84
1113,benign,htxiang_251125_tile_38_25_4_conf0.45.png,4,Benign,2,5840,8e8b5beeac66537eb3eb03cca4f6256949f8cf29d858cd47e22677b3f615437c
1114,benign,htxiang_251125_tile_3_20_2_conf0.71.png,4,Benign,9,24321,9ae29ab9e322ef2469089ae2403eb3aeec3dc1fe8a4bd2f0cd52ca124256bfa0
1115,benign,htxiang_251125_tile_40_20_2_conf0.54.png,4,Benign,9,22979,c677f4d3bdc66d144e87e2a9b96b7691ec29e7d4c9a095b92d7cbb18dd8ae252
1116,benign,htxiang_251125_tile_4_21_0_conf0.85.png,4,Benign,3,16735,c9de61e79d1bcdff0e9f570161bffc58d0ac7d6adec2ae16a23329929c06f06d
1117,benign,htxiang_251125_tile_5_13_1_conf0.78.png,4,Benign,4,19075,b13658ae79c09c0ec83c3fe7d3e7f31a3711aa7a23eb93fefdae7a0a2b86bf9c
1118,benign,htxiang_251125_tile_5_33_9_conf0.68.png,4,Benign,4,14682,6c384119ce42db61b1c3db863140812f52b28214a823e0840b57075777be1836
1119,benign,htxiang_251125_tile_6_20_3_conf0.84.png,4,Benign,2,16706,7ac51060e1d20187fc2c1fa730c94cca4035aafb32755741bd88e9e43e07da82
1120,benign,htxiang_251125_tile_8_13_10_conf0.65.png,4,Benign,6,93634,14e610379e93fcc7a9ca37f69a78caafb0594651d33124b8408887e5788d1eaa
1121,benign,lazhu_251125_tile_12_12_0_conf0.86.png,4,Benign,6,47491,093a7e6203f679dee766ac57ae47bd08652a0045ec1a4c3d18abea271ea5506e
1122,benign,lazhu_251125_tile_13_13_1_conf0.78.png,4,Benign,6,66340,47c1de561ae30da168221fb38c4dbf2782bd383bebb80fe4cd6b261302e434b3
1123,benign,lazhu_251125_tile_13_39_4_conf0.57.png,4,Benign,4,39934,914c2686fb038cf19f67cda8d6604a6ab6d3dc0709502f03d653b7ba8c73c214
1124,benign,lazhu_251125_tile_14_41_1_conf0.67.png,4,Benign,6,168751,77c8cf0e9f592d3d7913d085e99c9ca8ec2d46bba75c61d6160dce35d0ef45eb
1125,benign,lazhu_251125_tile_16_43_0_conf0.91.png,4,Benign,6,55188,3953affb2d70f14a893f3e56ad05ab4020ff93d520db72073733a8d480f00ed1
1126,benign,lazhu_251125_tile_17_20_0_conf0.82.png,4,Benign,4,27097,08f45d49bc74c5fd40f504b5c37529332e1ba1ab019e6ea9fc44697d2811c540
1127,benign,lazhu_251125_tile_17_23_2_conf0.73.png,4,Benign,1,17976,789288ce7a4a78823fc97a1af8e1ef5ba7d48bac685dddbc6171e8eb4c13ba66
1128,benign,lazhu_251125_tile_20_44_0_conf0.88.png,4,Benign,4,21140,fed9ef380d27faa0c01e305119b0da7b3d7d12ae183524827994616c59956f05
1129,benign,lazhu_251125_tile_21_21_3_conf0.41.png,4,Benign,6,73284,a5a0aa47b4fb9d42b1db11feac6abf6d58a3ecd11d7a5eb9cdd0a1caf6f2c5e5
1130,benign,lazhu_251125_tile_23_18_0_conf0.81.png,4,Benign,4,21201,5430bd047346155bafd7499fe3a6f7ef31f624999bb1a37c9780dd5b690efe4a
1131,benign,lazhu_251125_tile_24_33_1_conf0.73.png,4,Benign,4,19300,3ebd97782100e8c3ea99ed1d208f6be010f5dfe663b335040e3ff1fa3b4e2b46
1132,benign,lazhu_251125_tile_24_39_0_conf0.82.png,4,Benign,3,16614,7c5341f84e213555b978c2e941d5f4246d8e6567cff320dfe1a2233448e23288
1133,benign,lazhu_251125_tile_27_37_0_conf0.71.png,4,Benign,1,37426,706f67079eb373063343edbea25a44a61dc2d8368427ab257fbc2b2eadddc588
1134,benign,lazhu_251125_tile_27_45_0_conf0.85.png,4,Benign,7,20287,fc90990350d51eaa98a3fc123aaa4491ddd6e1393a0b62dbcf2c6c2e3a48494c
1135,benign,lazhu_251125_tile_27_45_1_conf0.85.png,4,Benign,1,24975,6a162558b2d0a60cf9d92e345ded30a2207c98a5a96f2d703667884f9e04b369
1136,benign,lazhu_251125_tile_28_45_0_conf0.90.png,4,Benign,4,34437,07d05e71a171fc5a2961ff3794d3514e131e7ccaa2df7dbc5ec3dd5b0f91bb41
1137,benign,lazhu_251125_tile_28_6_0_conf0.95.png,4,Benign,1,20867,395e6ab2d7db965b4a73115a78e0642060cc0ff7b77cd570a227484954d5e5cf
1138,benign,lazhu_251125_tile_28_6_1_conf0.82.png,4,Benign,4,17815,9b90eb721edb2fdb9c789bcd2ef9f63b95f2663be5f64336b7c42c2f38841fd6
1139,benign,lazhu_251125_tile_29_6_0_conf0.93.png,4,Benign,4,19057,62d389ba20545fdb5e6fff171b615434507a609c4eb79d73c3703828f34b3756
1140,benign,lazhu_251125_tile_31_42_0_conf0.89.png,4,Benign,5,15342,63036eca1d440784c570a05c3e3a8b364742b4c51f27421747c17d76e3fdce93
1141,benign,lazhu_251125_tile_34_39_0_conf0.85.png,4,Benign,9,27647,9733b17128fb35694144ebbc8f5a81830776dd307e02541f13d1db9e121ef5d9
1142,benign,lazhu_251125_tile_36_15_1_conf0.74.png,4,Benign,5,8309,2ced7ce01cca6aa0a3ffaa5dcf4a31a664085322ac1ce3b8844b62179e22f3dd
1143,benign,lazhu_251125_tile_36_17_2_conf0.52.png,4,Benign,5,7513,bbe02e11b8e6c80a07880e812a4f62e6dbb3657d5165812af6b108162f4b9082
1144,benign,lazhu_251125_tile_37_17_1_conf0.74.png,4,Benign,5,6936,e197132052e56ac6486e571b2d007bf736263213468111257036a26f95b85076
1145,benign,lazhu_251125_tile_37_30_0_conf0.82.png,4,Benign,9,19421,ea715ebd55b127c87ee4856b9259cbc79d721209001b03e302b1ad62d9430813
1146,benign,lazhu_251125_tile_43_20_1_conf0.78.png,4,Benign,1,40942,babfbbd6f1dd8545a5f8a379334adc2a8e837a1585a37b17a8751e1800ade431
1147,benign,lazhu_251125_tile_43_44_0_conf0.66.png,4,Benign,6,91564,7a153a76e8b4f0d8c5c3f2f596337496812c2f34ace4678d4fd13924752cd7c9
1148,benign,lazhu_251125_tile_46_28_1_conf0.81.png,4,Benign,9,21328,59b1fecc44473d330edf2d4f5d8420663c616028ffe0d77143ebde1e5d3a62c8
1149,benign,lazhu_251125_tile_46_35_0_conf0.88.png,4,Benign,3,24439,d0402516a17d22293fceacff56a8c8de778a7aa1c8cb7bd050321c40ce244b19
1150,benign,lazhu_251125_tile_48_26_2_conf0.77.png,4,Benign,1,42983,5ac2bd1f3fe14e5de2e17764ef58f7a2a9aa8efa855c1957c07a668113f5bc08
1151,benign,lazhu_251125_tile_48_28_0_conf0.81.png,4,Benign,4,30102,d4d2b5564a2d01ae8dd9b7b1027b3c176f071e1446c3c79ed07906f9f45a02d3
1152,benign,lazhu_251125_tile_48_30_0_conf0.49.png,4,Benign,6,77083,9a910e416a008848050422951dee2594bcead61060ff073a822d8cc511a63e50
1153,benign,lazhu_251125_tile_49_24_1_conf0.74.png,4,Benign,9,48892,90edc57078d8cc1071f9aa38fbeae81db0a1abe68afecfcbff58acb4df78cf9b
1154,benign,lazhu_251125_tile_8_19_0_conf0.80.png,4,Benign,6,127705,113dd38785581d1562b5e1fba528b7bf0cd1911e5abce8de9c3ed8c89b19ffbb
1155,benign,lazhu_251125_tile_9_16_0_conf0.82.png,4,Benign,1,23327,7cbd06ec9c6c4ac0df206f8ab995b1387bfac6bcf29be917e3b96b6b8cdf4620
1156,benign,lglian_251125_tile_20_20_0_conf0.84.png,4,Benign,4,17119,95d18e3de320e682b48b3092cb024fdf773164e928ee277f017a1c405ff6b045
1157,benign,lglian_251125_tile_21_25_0_conf0.89.png,4,Benign,4,12681,d2554efd5895b46f48c3ee1b6e683f34dd46832d3a507f203b48427147d6d9d4
1158,benign,lglian_251125_tile_21_27_0_conf0.86.png,4,Benign,1,20110,55344cb226f21b8a24f6dbe5f5b94f9af1d9d267fd403192be7af7e78d3001ef
1159,benign,lglian_251125_tile_23_33_0_conf0.76.png,4,Benign,4,23007,91158659ff92a0ad3a1c57359408d3ee582297f3678d335df6af36979830439f
1160,benign,lglian_251125_tile_24_45_0_conf0.81.png,4,Benign,4,29941,00168ab40eb5bb25e2e455d9afd58b51ddcabb46674a027dd1ad4afb67627cc0
1161,benign,lglian_251125_tile_25_27_1_conf0.84.png,4,Benign,9,26781,73d3a5b436c452d54cbf46192ad432a0a0a9500cd1999594f2cf11f24c8dd8a5
1162,benign,lglian_251125_tile_25_29_0_conf0.83.png,4,Benign,1,19347,78c51b23eb1991228e5e8211d3c6e1189c1b4d53300498bb1c7c1547cb5b5b58
1163,benign,lglian_251125_tile_25_37_0_conf0.85.png,4,Benign,4,23799,6048cd6d027bb85cd9e8f4e20af63c510f77b0dee37a1ddad74659ec4a835198
1164,benign,lglian_251125_tile_25_45_1_conf0.69.png,4,Benign,4,40702,3760c691f16b4cce980601f72e523c36e55a67d0f71732a1260043f7b4815489
1165,benign,lglian_251125_tile_27_49_0_conf0.92.png,4,Benign,5,13299,bae9a96f45126629a1cc94f9cc3fa5ade544702563bc94a7fb3ac821cdc9a3c2
1166,benign,lglian_251125_tile_28_24_0_conf0.80.png,4,Benign,1,25492,6a2ee5d6307e340e80aee8bd4d44a75d78ed7b82d78276758e71d183d19480be
1167,benign,lglian_251125_tile_28_27_0_conf0.63.png,4,Benign,5,11120,3f4c8b9b9bdaf0a11a59acbe0022a63f1b10c184a25e8f46102dddc08e790b1f
1168,benign,lglian_251125_tile_28_27_1_conf0.61.png,4,Benign,5,9223,ec154688452c09f18da6f064b11e5fa99a99471284951eb32041a89fe3fcc811
1169,benign,lglian_251125_tile_29_25_0_conf0.81.png,4,Benign,9,24683,9cf7a6ea57905e5ae57ed3a24f0f3f2d5e1634fe8d2932c27a7df2408efb9a9e
1170,benign,lglian_251125_tile_31_30_0_conf0.87.png,4,Benign,9,14154,a64ee46a9b04300290a566258bc55739d0602994c6777d7d3b519c9470fb00c5
1171,benign,lglian_251125_tile_32_28_0_conf0.83.png,4,Benign,4,12656,b59f3bac7687818308bc574cc9432f6b6d7d03c42e12600aefc23d852c87af29
1172,benign,lglian_251125_tile_32_33_0_conf0.86.png,4,Benign,1,21333,997f133c09bf64e3008a36c5c7144729bad1e978349d362a0b4b81ee244574d2
1173,benign,lglian_251125_tile_32_46_1_conf0.67.png,4,Benign,5,24465,cd2989c1c7e825f611df13be205a05ae76bd31408716b91739429f453af7af4f
1174,benign,lglian_251125_tile_32_49_1_conf0.79.png,4,Benign,1,18856,6d521deb31de75a9c43a53df2ec19e85b933eeab357a6d6086443ba1b2b297d7
1175,benign,lglian_251125_tile_33_34_0_conf0.66.png,4,Benign,1,70649,5ae51158ab99845d535598ada4adc634cf6ef44640c727f97c053822f2e9eff1
1176,benign,lglian_251125_tile_34_34_1_conf0.68.png,4,Benign,4,26053,0e027b6b4cd62307f4ec5bae5523c3ef8d3bae35eac86aa93fa697d65fc4764f
1177,benign,lglian_251125_tile_34_41_0_conf0.61.png,4,Benign,1,20990,ff7e168d4db6261119167b1f9097c3d4b6ef30caa5a686e91978bed6ed7a1213
1178,benign,lglian_251125_tile_35_15_2_conf0.70.png,4,Benign,4,16800,3bb993b38079e330bfb115a84e3db21f3a0eb0ed0e4419f56b7a93f82d290fd0
1179,benign,lglian_251125_tile_35_48_0_conf0.43.png,4,Benign,1,42843,f3f0066d85b30f47bddfb3429340c2848a81264e9079555e81352c93c95981b4
1180,benign,lglian_251125_tile_36_19_0_conf0.75.png,4,Benign,5,15173,ef6cb280c97803febd12f38e159cbc6477f41a4468e0e737f260fe1e53a472b7
1181,benign,lglian_251125_tile_39_21_0_conf0.80.png,4,Benign,5,18252,7dc83023b93985b9e3cb7010cd6892ed642c24b021673ed63570ff13f1c0e298
1182,benign,lglian_251125_tile_39_48_0_conf0.84.png,4,Benign,6,110506,a659685b7d18c1d708e8c20fd294efc9241fabf13819c5262ba437a9be9bc393
1183,benign,lglian_251125_tile_41_51_0_conf0.77.png,4,Benign,4,20039,f974ab2503cf6c749da5e62ae6559e9b4d912a8334094822f6f83bddc14788fb
1184,benign,lglian_251125_tile_42_31_1_conf0.80.png,4,Benign,6,119982,f22e76d9c4cf1f44eff9dd43ded33eeda105de1474b2cf4577599cd6a730344b
1185,benign,lglian_251125_tile_45_41_1_conf0.81.png,4,Benign,6,157604,c5b7725ce3448a22c5b990791826f88ada07b71b09053f8c04857feb881f754a
1186,benign,lglian_251125_tile_50_49_2_conf0.52.png,4,Benign,6,50818,2f04bfe5bae57fa40e2403c17d9c6a7535b910a95fd7813757f6a8154b68b138
1187,benign,ljyong_251125_tile_13_21_0_conf0.69.png,4,Benign,4,9723,3d028c26803c8fa0863da45d266038c61e264742b1538f2f35fb32ae8a927578
1188,benign,ljyong_251125_tile_28_27_1_conf0.43.png,4,Benign,5,6261,5fd2cc95c737970c6803cb9be1bdd001646e43accd78a75c0393c7dbde043951
1189,benign,ljyong_251125_tile_40_14_0_conf0.59.png,4,Benign,4,12038,afe8e38764d37003d4fd6448e398c6a21b6d5f5fe3b310f6377d45c09cc893a2
1190,benign,ljyong_251125_tile_41_17_3_conf0.54.png,4,Benign,4,13325,0c660e222930ee1735a715cea0357f56fcfac3d5b94b92896c4a8bb6fb51462b
1191,benign,ljyong_251125_tile_42_27_0_conf0.72.png,4,Benign,4,6773,8e2005070a341601989a6bc7e1170588f78a960e397e1c28362874de3fcf9682
1192,benign,ljyong_251125_tile_43_28_0_conf0.74.png,4,Benign,4,12266,3a4233c3f7c14548a0455466b108de01d905ad4624ee522c8c882d0cdb53d0cd
1193,benign,ljyong_251125_tile_44_35_0_conf0.49.png,4,Benign,4,11526,66fb136d291a49dd56b7513940adfa76a630e3d525db38b85cdefa4e37d1fac2
1194,benign,ljyong_tile_10_17_0_conf0.81.png,4,Benign,4,14521,10a6a167a378553e07dd4082daa0559a97e6f9ced6d38c50aa66fdae2bf5e7a2
1195,benign,ljyong_tile_20_6_0_conf0.70.png,4,Benign,7,8397,68058698a54c889b21745193499943ce99df973dc6b501f09a524249fa3f08a4
1196,benign,ljyong_tile_20_6_1_conf0.68.png,4,Benign,4,14832,41f5f35f8698b01163728baff69e863b2eca3b268877d0fed81271e50dee19c0
1197,benign,ljyong_tile_21_6_0_conf0.75.png,4,Benign,4,18791,018b6fc233e3c85bb729af3c7c8728ec35f50dd8dbc26582708b597992fe5172
1198,benign,ljyong_tile_2_29_0_conf0.61.png,4,Benign,4,13376,04c8c08d2680344c1b971edb9bf413c85899d6f4db1422dfa180dd4083ab59ed
1199,benign,ljyong_tile_30_9_0_conf0.75.png,4,Benign,4,10377,b926e3c6d9e0af883c6eea330e7a3e7c51383ee314202c619c10d44ddd6fc1f8
1200,benign,ljyong_tile_50_13_0_conf0.82.png,4,Benign,4,15746,38847191a9263ceb8373c887edeb74d52f6348bf6b3a388c8369cbfef48b7b64
1201,benign,llhong_251125_tile_15_13_1_conf0.60.png,4,Benign,5,7409,5334e579f9822b5dfb10326607c9326187780e998d0a199fa1004bc2ce627439
1202,benign,llhong_251125_tile_19_22_3_conf0.57.png,4,Benign,3,9325,7ad6ae330342ee2beac5f08efd4832ad6a9339bbde0fe40f12edeeea84c2ec15
1203,benign,llhong_251125_tile_20_38_1_conf0.79.png,4,Benign,3,8176,e24cbf926bff6141dc36758c1d6010d5ed12dee24d6e5cf2061dfde0729a9929
1204,benign,llhong_251125_tile_22_28_0_conf0.69.png,4,Benign,7,20233,b53a958917ae8b277d2f5c106755c388f33845af544356a986f0b6f215dca818
1205,benign,llhong_251125_tile_23_9_2_conf0.49.png,4,Benign,2,10930,06e41b0af004d7beb6cb403d31d9f19deb27a9ad0d3bac90db1f6ffdfc6637d6
1206,benign,llhong_251125_tile_29_32_1_conf0.76.png,4,Benign,6,133028,c1e4a45ef4a50a9b7a84710c009e1905c455ae0b735f692d51e994720dfac837
1207,benign,llhong_251125_tile_29_38_0_conf0.89.png,4,Benign,9,59456,fa5e08d74a4036d2962d027403e8c9f130fda3da47ab1aa77b2ad6c19379f46c
1208,benign,llhong_251125_tile_30_33_1_conf0.85.png,4,Benign,6,172466,7f28f114679012cb537c519fe7c544ca6b2b4d48eb38bd4cde791547bb9ac954
1209,benign,llhong_251125_tile_30_35_0_conf0.82.png,4,Benign,6,101859,772ee3c8718b3b951a37d7ddd593c28d8808cdd5d3b3cea1b1a1d9ab764fc922
1210,benign,llhong_251125_tile_40_25_1_conf0.79.png,4,Benign,6,119469,8dc761b1c3af37427a663b8f876287056d88a80cdc11d8006bd64ecdf0eda362
1211,benign,llhong_251125_tile_6_27_2_conf0.56.png,4,Benign,6,135999,47ee651249a84aafae0f0b6fffaa0f7b3e63093388a005af7bbc195ca788446c
1212,benign,llhong_251125_tile_7_26_0_conf0.48.png,4,Benign,3,10323,d1e3cfe6ba189d5587ca34de660df627b355dd0e036329a34dc1cf4a8209f6a6
1213,benign,llhong_251125_tile_8_30_0_conf0.90.png,4,Benign,6,116301,e7bc365d090426e02d8b748cf04e9e16db394212ca3782de22452fe767168798
1214,benign,llhong_251125_tile_9_16_0_conf0.52.png,4,Benign,7,12303,9f9a88c9f8275f6dea777c66fe730f30793f8ffeabe3f514a22dbe88919d1595
1215,benign,llhong_251125_tile_9_7_0_conf0.85.png,4,Benign,6,95151,980311e43e97eeaaf398b4a5e85a6499b23c604944f31d9fc10f755bbef5c3b6
1216,benign,lmming_251125_tile_20_38_2_conf0.78.png,4,Benign,1,22530,af53d35face7244a61e70fa4b01eebdd6150d3127005acb9e37b5d80f2995848
1217,benign,lmming_251125_tile_21_32_0_conf0.88.png,4,Benign,9,18159,ad89caa86299b2c9330c6195e2a3f72f45417941b3dcb5072a35f542527687ba
1218,benign,lmming_251125_tile_24_30_1_conf0.83.png,4,Benign,2,20601,0d78af8b412923f8e9ab3eb34f5fadc492dbd1e310806ade2d32215983b02793
1219,benign,lmming_251125_tile_24_32_0_conf0.82.png,4,Benign,9,25767,bc39bcbdc1b32795b2c387541c1db4af542953601620252264937344745b1404
1220,benign,lmming_251125_tile_25_18_0_conf0.78.png,4,Benign,9,19848,c2caa382df519861cf3206100263242ac0edf3dee36e0fd14839a8add445e02f
1221,benign,lmming_251125_tile_25_48_3_conf0.79.png,4,Benign,2,28968,b47d13f652ba84074554a05c15b84608832d6eba681f5794102345f6934dd9ab
1222,benign,lmming_251125_tile_26_31_1_conf0.81.png,4,Benign,2,12438,014959c8c3492860e7ef719368cf2dfb058c508d028ebc7473f3a75da68ee8e3
1223,benign,lmming_251125_tile_28_33_0_conf0.82.png,4,Benign,9,30540,4b1518fd75621fc6956afda1f85b4cf1a49faf9106cac65576072b58af52ab83
1224,benign,lmming_251125_tile_31_43_0_conf0.92.png,4,Benign,3,14391,cbd54e92ac4f6517f309833859f2de5c84164665acb4892b072962d4f56d8b2d
1225,benign,lmming_251125_tile_33_49_0_conf0.86.png,4,Benign,9,24048,0e8fef5b728210e47bc8a47c37736450b901b02bc62863ee5ecf84764c941d2e
1226,benign,lmming_251125_tile_34_19_0_conf0.81.png,4,Benign,9,20939,4a28c3d47c15e44a46f7a2d3a4382706c259e2dafb579803cbac0f84fbcca1ce
1227,benign,lmming_251125_tile_34_26_0_conf0.77.png,4,Benign,9,26380,e1c35ffe79377de688ee04a1b5f29615f5f8991c41e9cdd97892439bd6146485
1228,benign,lmming_251125_tile_35_17_1_conf0.81.png,4,Benign,9,45196,b6edb18531d1436c87e9f028121a44228acf097161e12f1c597cac82a2bef8c7
1229,benign,lmming_251125_tile_35_28_0_conf0.82.png,4,Benign,2,20489,f5b2960e4e7b18408f40ae58929a8f5b1912dcdd084394eb8cae11e7fa2ad74f
1230,benign,lmming_251125_tile_36_26_0_conf0.82.png,4,Benign,3,20892,b29c542d13e3a951b10a699e8c363cf0aadd4c85fefba871de966208daac3378
1231,benign,lmming_251125_tile_36_29_1_conf0.69.png,4,Benign,1,21249,1e1d2d5beb505e0e6c9e5e31188cdd71d5ba9d9379f4d3e4ec020e65a0435a1d
1232,benign,lmming_251125_tile_37_30_0_conf0.86.png,4,Benign,3,17070,ddd3bcfeaf8e58a2744b83b5e64f795e3ec4b502af4d0b280345371c8b90d4c3
1233,benign,lmming_251125_tile_37_45_1_conf0.87.png,4,Benign,9,16211,731fe3cac1a2307a2e3279c215bb448fcd5c7a72bf9172724fab188f10bacb67
1234,benign,lmming_251125_tile_45_27_1_conf0.83.png,4,Benign,9,25109,fa8ac490895af59501c09a6070f71ca80c7b5cd4aa1d9cd4d1497bce97ef3f57
1235,benign,lmming_251125_tile_48_27_0_conf0.77.png,4,Benign,9,36489,99afd04647a16d918fa8309af2a2195f9cca4f1490c7fe470ab480b9b14402da
1236,benign,lmming_251125_tile_54_12_0_conf0.65.png,4,Benign,2,19593,a17ec5bc28148306276350abba669c3ca2de16be677ed869912c1fe6195d6353
1237,benign,lmming_251125_tile_54_45_0_conf0.85.png,4,Benign,9,25415,6cc258009a7c218e7ab74e70b95c5636db65cafce87d96f6c9435f4aa6c1e8c7
1238,benign,lmming_251125_tile_54_46_0_conf0.83.png,4,Benign,9,16893,196cde19e713d57bd3726443b83e6215600b61095d028e895e578d153ab51b12
1239,benign,lmming_251125_tile_57_19_1_conf0.76.png,4,Benign,2,39431,c16dd6bd9a3ccd1d1ad4ccbe8295b5dcd2c031ae73846d93c8742aabd9fd3cac
1240,benign,lmqing_251125_tile_15_17_0_conf0.78.png,4,Benign,1,27491,34f1eabdf99d63459bc0b9c3c19f72d8699766eb107c970260a83c037d23185b
1241,benign,lmqing_251125_tile_20_26_1_conf0.57.png,4,Benign,1,22073,09819c94688a776b014354d973fef35643c9a5fcdc4ac86c051a3019891c13c7
1242,benign,lmqing_251125_tile_24_33_3_conf0.44.png,4,Benign,4,9042,b63eba1b7fbf1129309c87efc660dc77f7226a76e912e0f6efc916f275f9ff57
1243,benign,lmqing_251125_tile_26_33_1_conf0.90.png,4,Benign,1,23289,25f5b700ec1b907a4284640eb6f154f9319ebe6b4746c8729034090d3d412ca7
1244,benign,lmqing_251125_tile_27_3_1_conf0.78.png,4,Benign,9,38151,95207915bbfcb8ed218c8f2b53b847151b4fcb3ed41e959e608722692517f3c8
1245,benign,lmqing_251125_tile_27_42_0_conf0.84.png,4,Benign,9,29346,f0577ac5d0e99b5e95c60e58391a520595dd0d6f9095b494f35a8be3b23cde48
1246,benign,lmqing_251125_tile_27_45_0_conf0.84.png,4,Benign,9,33845,1b8c53c6c3a3035457a0545c2b992feb1e6b30c143b9eb21150970b9322dd176
1247,benign,lmqing_251125_tile_27_46_0_conf0.78.png,4,Benign,6,76655,92ef734a4a16a347af9f9be0967f940d7e3860d61fbcffdb1fcf2684c408ea7c
1248,benign,lmqing_251125_tile_28_2_0_conf0.46.png,4,Benign,1,54748,f80c81f1671005b3d92fd5f050efe449f2d985d352a33b9f6129f0770858b014
1249,benign,lmqing_251125_tile_28_3_0_conf0.86.png,4,Benign,5,16385,b02ae7f4cd8ec0f25466666dc926483a4ce9a75f5845aa785696b992e6c1d139
1250,benign,lmqing_251125_tile_31_21_1_conf0.85.png,4,Benign,9,13648,4d77074e42c5b26b9e0bd987b2c03d58ef0be5bbea43d1645deec8ebeebddea1
1251,benign,lmqing_251125_tile_31_44_0_conf0.83.png,4,Benign,9,78178,cadba17f6c079e9554e6091592e70583b8749e0cb9fecab364c00b40290748c4
1252,benign,lmqing_251125_tile_32_32_2_conf0.80.png,4,Benign,9,25961,d5099b94776f7d72390b4aea1ebfa0a0a25182a6f9b5b32233825be2c19b7cd0
1253,benign,lmqing_251125_tile_33_11_2_conf0.81.png,4,Benign,4,24772,1279fcdccc425490ebbf7d5ba8bf7b707196595d263a04dc00a3ece2e5df12b1
1254,benign,lmqing_251125_tile_34_45_1_conf0.52.png,4,Benign,1,43202,cc0530cbf8e4ebdec698e3ea66a43577a5f87f48fa5fbd312ea0288dfca26d6c
1255,benign,lmqing_251125_tile_35_10_1_conf0.85.png,4,Benign,6,89869,dab7b88aae2429ba74627378a0f5d3e49d3e79400c6aeb630808118f68669f87
1256,benign,lmqing_251125_tile_35_29_3_conf0.53.png,4,Benign,1,9808,1fc210886be52b72c8ccc3480766c24676ecfb61bab3c6ecc61a078e4a66104a
1257,benign,lmqing_251125_tile_35_6_0_conf0.83.png,4,Benign,1,18892,add9dbc1b2f456337795f682397352afa3f14ab4c79ca761074bfb645351a150
1258,benign,lmqing_251125_tile_37_8_2_conf0.69.png,4,Benign,1,27365,e642016d43538b6bb1236ad4ee766a4410f609631c9c02fd4983265137936642
1259,benign,lmqing_251125_tile_39_1_0_conf0.74.png,4,Benign,1,16573,5446ea98c2282e8e5ed21c9967fe8198ae5b946b14a3aeeddb8433efe7a6ee4e
1260,benign,lmqing_251125_tile_39_34_0_conf0.91.png,4,Benign,9,20814,794a8c8a19e31e19dbe8c4e55b24d4ef636c916a25d3bac0762311f5c666ca9c
1261,benign,lmqing_251125_tile_40_23_1_conf0.77.png,4,Benign,1,14247,7e37f34a227ef6bcab383dd6f31038efcf83dffae1354b0187608590f392ca5f
1262,benign,lmqing_251125_tile_40_43_0_conf0.80.png,4,Benign,1,19198,62370d05407458e020d13b112710798536821f1ff0289ba017bc9f8a2c347e97
1263,benign,lmqing_251125_tile_41_41_0_conf0.82.png,4,Benign,9,34774,bffd4166fac8247619909fb9dacacf5fa4a7ff447eab45df59e98e8ee5148528
1264,benign,lmqing_251125_tile_41_43_2_conf0.77.png,4,Benign,2,16824,c63bd9edbb0e2a01d12fc57357e33a05610488dbb272f2b49855b1f9586ac81b
1265,benign,lmqing_251125_tile_42_23_0_conf0.95.png,4,Benign,1,14604,495038a73ebff11b9c205be20596c44bd1f47456a1a012b5bb98752a36a9f4e6
1266,benign,lmqing_251125_tile_42_6_1_conf0.77.png,4,Benign,2,13530,01f36ec37f0b6916e2b0d3943ada2e1708121ca9caf573939441dbb12b1a732f
1267,benign,lmqing_251125_tile_43_21_0_conf0.85.png,4,Benign,9,60679,17995b64a7a5e6e7b3ebed78a62bf9622e3cc369da39a7336abb2a7fc7e4e048
1268,benign,lmqing_251125_tile_43_30_0_conf0.86.png,4,Benign,1,41792,100cfe99f097436749c7f17d4544ca82347283ab5192f3e28d1aa935a879ddf9
1269,benign,lmqing_251125_tile_44_20_0_conf0.70.png,4,Benign,1,54441,047d9274d703447c2823b2e0c5a75dfc124509b8991d85ad5ab3eac3c2a72d33
1270,benign,lmqing_251125_tile_44_21_0_conf0.65.png,4,Benign,1,65492,206d5268df0fe5b7b728e3986670028e16fc69a6dfa1d6c678438e34620da4e7
1271,benign,lmqing_251125_tile_45_26_0_conf0.79.png,4,Benign,1,55096,2a12453f46303f0022e33d79093a82b6a3ecc4c0fee8dbca6428392537108432
1272,benign,lmqing_251125_tile_46_13_0_conf0.88.png,4,Benign,9,33474,7097c534cc7ed30c5d34909a46b63830ed48e18e24130a3cc87b2a871613e8a9
1273,benign,lmqing_251125_tile_48_11_0_conf0.86.png,4,Benign,9,17901,cdccc306a2ad147187de78d7060de3a82e7996bf101901ec48a31d9364fe7441
1274,benign,lmqing_251125_tile_6_28_0_conf0.78.png,4,Benign,9,25536,1a7fa1c40b1a38cb003af9124ff77339f5dcd2d309c945bf6dc13c6fb0492c5f
1275,benign,lmqing_251125_tile_7_46_0_conf0.76.png,4,Benign,9,26537,a2ff77c7e77ac0823e820d32555e67f6879cd03c7b14d0512dd95766ecd11506
1276,benign,lmqing_251125_tile_7_47_3_conf0.67.png,4,Benign,1,29002,a84df790c58bc091e4ce6f0e172abe8f93432bf482f67c474fba887fd3e80531
1277,benign,lrming_251125_tile_10_12_0_conf0.76.png,4,Benign,1,39053,c1168085ccf037537f77f1d913977c38ff30fccdcaa66e00d423b4d652d0ae67
1278,benign,lrming_251125_tile_11_12_0_conf0.83.png,4,Benign,4,16398,d3ee9ebd88e756df75f4b25a4a7e1923fe41a9b9f58349b462304e53168c9da6
1279,benign,lrming_251125_tile_16_10_1_conf0.75.png,4,Benign,5,10549,b09fbc6d38f0ce6b581dd3b45eee6fb9cc272e6e05f62d6b52dfc1ed9a04fbaf
1280,benign,lrming_251125_tile_20_7_0_conf0.80.png,4,Benign,4,14586,a64e779238baddce209b856878d4bf783cf3f0e259efa83d6378228f12721363
1281,benign,lrming_251125_tile_21_21_0_conf0.85.png,4,Benign,1,33080,ce1bdaeef917807403c921859623b08d92cfc27ed74962df41613a2a869c3a94
1282,benign,lrming_251125_tile_25_21_0_conf0.90 - (2).png,4,Benign,6,34633,32b895d5f960b18b283255b1fd0dda138f554714127534ac47f19f176b6da8cb
1283,benign,lrming_251125_tile_25_21_0_conf0.90 - (4).png,4,Benign,1,28121,12812107f57a16bf10c03a8456523e2e490a2b662bb971330f6219741792a019
1284,benign,lrming_251125_tile_26_22_1_conf0.63.png,4,Benign,9,56045,edaad92a8bd1afdb621699bbc8c28e4d724c6848c457bef0b5b4a5eaf990392f
1285,benign,lrming_251125_tile_34_21_0_conf0.64.png,4,Benign,6,56176,131d34b19302e698eab672afc42624784bce3361303ab960536e19fee9438d75
1286,benign,lrming_251125_tile_35_23_0_conf0.81.png,4,Benign,9,23196,a7f4d4bd83a59fbf3475548e6c086adf6ae7096ad5aa838e6ebf8aa628717ba3
1287,benign,lrming_251125_tile_36_13_0_conf0.89.png,4,Benign,5,16665,eb2ee6fce8cb06068030e17a31d10ef9991d7c9e5f67151895a42a89bf2fa16d
1288,benign,lrming_251125_tile_36_7_0_conf0.74.png,4,Benign,6,97758,f5b37c847041ff20805306975b047fc64ef203d470c183b88e9a2d18110b3ca4
1289,benign,lrming_251125_tile_37_6_0_conf0.69.png,4,Benign,7,153049,4b507a6703daed59c90758c73092acf42f214f68bc48ce1d381458f511c8dcc4
1290,benign,lrming_251125_tile_39_21_0_conf0.85.png,4,Benign,1,20866,2a590e6cc6d9bd034e6dfb232b21cdace98ac7e0ac67e0293bd7cc6927b45f95
1291,benign,lrming_251125_tile_43_22_0_conf0.83.png,4,Benign,6,34316,25a598084d0d244600e2df9f9cfa029147981967b7bf5e7bf3bb98bac2d01e55
1292,benign,lrming_251125_tile_44_27_0_conf0.83.png,4,Benign,5,15625,770cfd751a25a73791d58c64e1daf0cb9319d55ca59319125d4e49b3f1de1e85
1293,benign,lsbing2_251125_tile_17_34_0_conf0.71.png,4,Benign,5,11097,2531903e1ac062614b9b085aa73553611abe83d2797f4166d1ac5b3e7e0b6eed
1294,benign,lsbing2_251125_tile_46_11_1_conf0.67.png,4,Benign,5,7119,32f1b25e908d3fc91b53344ab5f8643b645bde07674943b147ec431a6bfab643
1295,benign,lsbing2_251125_tile_70_5_1_conf0.79.png,4,Benign,7,8829,763de00dd02fd1c8e1a2dea1f4592330b9db46989d3b3ca40d66816e9c617c94
1296,benign,lsbing2_tile_0_23_0_conf0.69.png,4,Benign,1,22950,219ce877f74a36a41d4d2bb1737099e0cc728866467b87dc04ec740c8066b0ec
1297,benign,lsbing2_tile_19_3_0_conf0.84.png,4,Benign,3,17391,a66ba847892b26de40a1ab0cdb99a8609e9e9aa698dd3ef21ab52cf8edab119d
1298,benign,lsbing2_tile_24_36_0_conf0.87.png,4,Benign,7,10218,c918254bc8273188c52e0002f8d30ca33f90c56174e0578c3d1d89653ea52977
1299,benign,lsbing2_tile_31_51_0_conf0.86.png,4,Benign,2,6658,2882f7a56da77c67e4264fc8f325b260f25b5c02779aac74e239bc0942611814
1300,benign,lsbing2_tile_37_12_0_conf0.83.png,4,Benign,0,16558,8de8648b907450b3dd37cb7d708a655527b6cfd9abd401dabc8c3b3e946cf052
1301,benign,lsbing2_tile_3_13_0_conf0.81.png,4,Benign,4,18704,768870643f785d4addb16c189581ba05eb86cbbccb03f16b0befd77199a035ad
1302,benign,lsbing2_tile_53_11_0_conf0.79.png,4,Benign,3,17551,4b4fe7de657745fab208dc84139e908c5cd15f3a388cde0d03bfe618f00bcf24
1303,benign,lsbin_tile_8_36_1_conf0.61.png,4,Benign,5,11289,eefc1eb81a862b6f1af10269650ed25158cc4013383ba8747c8dc26d69c85162
1304,benign,lsbin_tile_8_36_2_conf0.43.png,4,Benign,7,8797,7af951661649643efa25ec666919005dfd7be89a569daf430ccae61a44fb5477
1305,benign,lsbin_tile_8_37_0_conf0.91.png,4,Benign,7,15490,b6c9f452520aa839dc20e25837007abb6b25207bb5b9d3ec90b513e01dbaa3c3
1306,benign,lsbin_tile_8_37_1_conf0.75.png,4,Benign,5,14156,f7a80b6512cfbd527abda26b8e362e54272c060ecb91f1a3fa49da1f2446242c
1307,benign,lsbin_tile_8_41_1_conf0.74.png,4,Benign,5,19668,2eca9b517925de0c0987a51769f9d3175448666d107136424fa69debfc07b17d
1308,benign,lsbin_tile_8_42_1_conf0.73.png,4,Benign,5,9414,8faa387253b63f14191f4d6ebd81f4d2305b5ae0dfbe2382a6063802a306e19e
1309,benign,lsji_251125_tile_12_38_0_conf0.85.png,4,Benign,2,13490,1c60d63f96196e56b1f56f297a9d13195d524bc303ee8fbb0522e687b92932d6
1310,benign,lsji_251125_tile_13_10_0_conf0.86.png,4,Benign,7,11431,82534f09ab4a37425bcbe0d06d28b37efa01df2cc5a424fb3ee847406c8a0af0
1311,benign,lsji_251125_tile_13_36_8_conf0.43.png,4,Benign,2,14116,dfb33e39186dc902a8b39b9c2b99150e744df30e522e9cf3c9ef761b8fe752de
1312,benign,lsji_251125_tile_16_40_2_conf0.73.png,4,Benign,2,16796,62c6a2fc7ffdaf9aaf83653d70c59cdfbaca0bffdcd0e2dcc224b33b81337468
1313,benign,lsji_251125_tile_19_13_6_conf0.41.png,4,Benign,2,7688,9fe9a3f48953a1d890c429d598f9eb9c0b7bb05453de04a9b4ad77e4155516dc
1314,benign,lsji_251125_tile_23_41_7_conf0.45.png,4,Benign,2,15220,bbc67a1453fb45f2f5b54180cea51437e020c5f132ca8d4510f2bd77fd1c7bd7
1315,benign,lsji_251125_tile_25_29_3_conf0.72.png,4,Benign,4,11300,dde20c6f0c7cd2ab69f39e7b700e2a52a0e4bf7dd687a1a9d82d3d4e77970a8d
1316,benign,lsji_251125_tile_28_11_1_conf0.72.png,4,Benign,2,14280,139d9bb0741802fe7f948aefc60d26e2aa9531e0098199082e3d090aac115d6e
1317,benign,lsji_251125_tile_28_5_3_conf0.75.png,4,Benign,2,13360,be54d3fcfc13afabb94c36a67c11e296e9353ccb610c68f7aed7aee1a6e2cdd5
1318,benign,lsji_251125_tile_33_7_7_conf0.61.png,4,Benign,2,9571,d65e9fc20648bae969147d696a886f74564deca92d9ea755203c57c84bd10bcd
1319,benign,lsji_251125_tile_39_24_1_conf0.81.png,4,Benign,2,13831,7e0a24193952ad211e0141e1055b48b7eb24d634e46667b57df66df9d94599fb
1320,benign,lsji_251125_tile_40_27_8_conf0.53.png,4,Benign,2,13233,f6a4fec9553b081ede3089d49cb8f957311a3b6d9b1efe7878c4c453dd562b77
1321,benign,lsji_251125_tile_40_30_5_conf0.54.png,4,Benign,2,13349,71fab57ce74523e3c978111583d7448399c68ac7dc8965e2db2c52b3964e4d8f
1322,benign,lsji_251125_tile_42_19_2_conf0.80.png,4,Benign,2,16536,953934a5391ba45a6c5633805aa82ef5dc9774f237fd3f4a8f5b160eaf956a13
1323,benign,lsji_251125_tile_42_27_0_conf0.82.png,4,Benign,2,13886,b7b3a1ed0b503018428468c707ab59a679a60fbf9db293044b5cb3c2beb45d39
1324,benign,lsji_251125_tile_42_27_2_conf0.79.png,4,Benign,2,10166,9e247b6830fb23b3520fb7cc7df443376ff9d3cce6c903017393640eef6acd1c
1325,benign,lsji_251125_tile_43_23_0_conf0.81.png,4,Benign,1,11744,fb85f62973344ca15281b987683032a32df97115486eb6b14da1f8522649d747
1326,benign,lsji_251125_tile_4_25_3_conf0.56.png,4,Benign,2,10706,0cb18bf6ffdb4286ab830204f5a20f15e74af9e2ae7e191a453fbc5e3ad88a06
1327,benign,lsji_251125_tile_5_26_0_conf0.75.png,4,Benign,2,10098,0c663ada125b7346edde229a256427d560ef533d8964607e630a52ad74ceab96
1328,benign,lsji_251125_tile_5_27_2_conf0.42.png,4,Benign,2,11559,564f2b9b6575b59455f6dfbd4a449d527e785c42c9199c621674b19c657d2c72
1329,benign,lsji_251125_tile_6_18_5_conf0.40.png,4,Benign,2,9864,70089837a8e9b8d6cc7b8fabde0f2e6240af47d134c0256170ecc7d49e85b928
1330,benign,lsji_251125_tile_6_19_2_conf0.77.png,4,Benign,2,12650,7a99bd77ab5827f46848a6071f7e76b7cbdcd929c388ef578974beff16907807
1331,benign,lsji_251125_tile_6_23_0_conf0.75.png,4,Benign,2,10272,77795ee772a9dc9a0c958d2ec03e21fb735f79b16152df4b662cfd019d7096ad
1332,benign,lsji_251125_tile_6_32_2_conf0.75.png,4,Benign,2,15019,127d8b337d9307774d9fd124f44f9717ae1cf3620f21788ffe650ca347a0a90d
1333,benign,lsji_251125_tile_7_11_0_conf0.70.png,4,Benign,2,13294,3a679d1f8df31e1d33a71279dc4af949c9f585a215029a4471e7c30a84352400
1334,benign,lsji_251125_tile_7_14_5_conf0.60.png,4,Benign,2,8043,07a1561c08213fbca08fbd1817b11bf11cbdc273f19ec07e8e76250b1999183b
1335,benign,lsji_251125_tile_7_14_7_conf0.52.png,4,Benign,3,9307,d9582480aa44dcb2633422dab12459f1243f9c3f161a14fb04cc43ed67665265
1336,benign,lsji_251125_tile_7_15_2_conf0.72.png,4,Benign,2,7606,a1b7fb10f12ee5be73580f499a6b70eb69711aa7791a0076c2506cf8b9033e26
1337,benign,lsji_251125_tile_7_16_0_conf0.82.png,4,Benign,3,8862,e22e673e41444d4b992423631666c5656b7b72541783f5c223fb06bfdace75c7
1338,benign,lsji_251125_tile_8_10_0_conf0.67.png,4,Benign,2,15264,cd1fa75212c1a3269fdfb041c1de9a503c411953ce5d26b0ed2d15b1eafc77e6
1339,benign,lsji_251125_tile_8_34_1_conf0.84.png,4,Benign,2,9855,d7a993e76edbd84d3696381f7f7c708731ca4317d1b9a9db68603b0dcd18a718
1340,benign,lsji_251125_tile_9_16_1_conf0.83.png,4,Benign,2,10493,ce4a2470570c25cc22433d8f738d2d53d6fe5aa40f92a247f7ed44f629f68b88
1341,benign,lxhui_251125_tile_12_10_1_conf0.54.png,4,Benign,9,27213,37c6007cf1185cc5a8b06f63f92410572ecbf8583d6a01f183e323ec5d1d49c7
1342,benign,lxhui_251125_tile_13_16_2_conf0.57.png,4,Benign,1,38635,9cefeb9074a303c985f538dd051fae16a423aa1d1a11dcc5a512174a69c8a08a
1343,benign,lxhui_251125_tile_14_31_2_conf0.62.png,4,Benign,1,30137,a68942c268fd35f20460853f2e4bf89e366549dbe40c830ebbdd9bfa186058b5
1344,benign,lxhui_251125_tile_15_9_0_conf0.89.png,4,Benign,7,10773,38b3bd7674595d3f1ecc48f9eb91873f2165bc65d5b25a175955528429a141c7
1345,benign,lxhui_251125_tile_16_21_2_conf0.56.png,4,Benign,7,7458,5baca9cbd24b2939a28fbadd9ee3a6dab65b6c89259d20a408bdbce3871f6c88
1346,benign,lxhui_251125_tile_16_21_4_conf0.46.png,4,Benign,7,9680,a1d7f6f6250409faded4521c4593e7fd6fe47a778b30e01b6c5cb9dd168f3fe8
1347,benign,lxhui_251125_tile_16_25_3_conf0.55.png,4,Benign,7,7111,6ad4c875e0447695bc8e71da14560cdb8ffd3debe22ee24986b1e1baab0524e8
1348,benign,lxhui_251125_tile_16_33_0_conf0.69.png,4,Benign,9,25267,2dd0158fa02a967865be70e921237730980034df39ae480eef1872d024121b49
1349,benign,lxhui_251125_tile_17_28_1_conf0.71.png,4,Benign,1,29757,03a36cc93cb53fe1dc2b8b9e8ddd2406fdf697445d015dc17294d44d43c03d3b
1350,benign,lxhui_251125_tile_19_13_3_conf0.71.png,4,Benign,7,8548,7c083ddc4841f953e02b593ea004391f8a5cd4fb099e5b713bcb99a657a728d9
1351,benign,lxhui_251125_tile_19_23_2_conf0.81.png,4,Benign,4,12390,609a5844e3b9b62dc3f6d9481f8aee804e1efd37314b01349edd9c95951a5514
1352,benign,lxhui_251125_tile_20_18_5_conf0.69.png,4,Benign,6,21552,d7ea6882b56776a82ddad1aa817435374481ae1eb8dd7d095968977b82367d96
1353,benign,lxhui_251125_tile_21_35_1_conf0.72.png,4,Benign,9,16769,3cf57812aec5b7fec0846ef4143cb6843ee0a565b16b3efe2c4fa50c8ee36542
1354,benign,lxhui_251125_tile_22_22_6_conf0.58.png,4,Benign,9,25153,8450c339464c33219fda665a2865fa5f8edeafabd909763cb25d0b20326717f6
1355,benign,lxhui_251125_tile_22_26_1_conf0.83.png,4,Benign,7,10027,a181426f7e30db06668aaa59e8fd5ad3d849ac05749cc85d57a0c635c4d4c920
1356,benign,lxhui_251125_tile_24_22_0_conf0.68.png,4,Benign,1,15360,e56a34b19e34a8724bae98ef5a520d0d0441734a3de65fd52cf4d5fb6d1b3fb7
1357,benign,lxhui_251125_tile_24_30_1_conf0.66.png,4,Benign,1,16537,440037808ad07f6b71a683ced7e4e235a3354052b862072f4921514cd7f41ac7
1358,benign,lxhui_251125_tile_27_21_1_conf0.72.png,4,Benign,7,21430,f9fdcb5f006610d6b5439f78507dd5c31a3abd8d4fd28e93a6b96a7b8e2ea7c2
1359,benign,lxhui_251125_tile_31_24_1_conf0.78.png,4,Benign,7,19743,f6dd85d5c51ca716b2404360e329f0e209f2a0f5b42b31c034df285e7a35c347
1360,benign,lxhui_251125_tile_32_30_4_conf0.72.png,4,Benign,1,22074,a0ceeedc4b66f77e6900062e8028c801219b08b704e9ecd269de2f1896d0662e
1361,benign,lxhui_251125_tile_32_31_4_conf0.71.png,4,Benign,7,18421,b9e83bae9508839e4c4cef8775651eb4dbf16deee4503dd9b81c86d6a8e66f23
1362,benign,lxhui_251125_tile_33_15_3_conf0.62.png,4,Benign,3,16027,9766891c8750f8fa5859be17a2ce99bb95528b790708739e8c23ba7ecc54d6a6
1363,benign,lxhui_251125_tile_33_27_0_conf0.80.png,4,Benign,9,19577,25a873cf24836bcbc2fbdf3bf1ce0b4ebd8325bd6ce834d3e2d7d88dee80631d
1364,benign,lxhui_251125_tile_33_27_1_conf0.77.png,4,Benign,1,33896,ac08961d900f67c463cda086a664c1474f89dba43899b009f0ca99b2169a6455
1365,benign,lxhui_251125_tile_33_30_0_conf0.84.png,4,Benign,5,10022,bcb1321da670e244e3725fe5ceb15efb004383d65936e8561fad329fd95a3398
1366,benign,lxhui_251125_tile_33_30_5_conf0.60.png,4,Benign,1,35156,b1b26d2572cbe563ecca8b71ee3e6de3aef951a34d6cd798326a73c9aad79ccb
1367,benign,lxhui_251125_tile_33_32_0_conf0.88.png,4,Benign,9,16505,1b7000b1af092176f19943f7707cb33ed0ea882c1d9087a42bae58ae6eba7487
1368,benign,lxhui_251125_tile_33_35_0_conf0.82.png,4,Benign,7,11656,a00415f71dd8b2126aef48fc667b0ea87a1310d987ccb94340468b48c179c42e
1369,benign,lxhui_251125_tile_33_6_1_conf0.71.png,4,Benign,7,10155,f6e3eebaa28bc76d29d50f4d673089b5762fecd8bba3648c2eb3123ecddb5f58
1370,benign,lxhui_251125_tile_33_6_2_conf0.64.png,4,Benign,7,9459,bc11a67802856b870f56e5cfee1a79a6f1f4046b0b307ebdf14a2fd31ddcb2f0
1371,benign,lxhui_251125_tile_34_16_1_conf0.78.png,4,Benign,9,21977,ec501c9be6648af94b3f2db81a631a4feefd51dadc9ac6806aa13a2025a9fd7c
1372,benign,lxhui_251125_tile_34_9_1_conf0.81.png,4,Benign,7,11649,610eb8387cf9d085c20c90caf600473fc3b17cb819f4b17dde0b2772b10d9a37
1373,benign,lxhui_251125_tile_34_9_2_conf0.80.png,4,Benign,7,12088,cce08a88379a259448337015912d2826b476a61aec61817de42e66fc2464e59c
1374,benign,lxhui_251125_tile_35_10_0_conf0.83.png,4,Benign,7,15348,b9ef8103fbe48cddc9845106df6e586abd0280eede218ae6c95971de29e88dfe
1375,benign,lxhui_251125_tile_35_11_4_conf0.72.png,4,Benign,1,21130,f13b6732357b03b0166f5fad23b925536ccbb90fbe096b8d95efba6814bd8a14
1376,benign,lxhui_251125_tile_35_20_0_conf0.82.png,4,Benign,9,16689,60c7769000f6798b9b284d2b9dc89d03be160477cbacf4230008fbeda08157e3
1377,benign,lxhui_251125_tile_35_20_3_conf0.76.png,4,Benign,7,22515,d4e29fc8d9afb62b0b43a4ad11068788ccafaa3b3e02cd1b67dc1d3467ede545
1378,benign,lxhui_251125_tile_35_30_1_conf0.73.png,4,Benign,7,19996,0780ddbba9045b015f40aa5cfb6f002c4a8d732b927f7b9a01b4c54600ab4edc
1379,benign,lxhui_251125_tile_35_34_1_conf0.78.png,4,Benign,4,23870,b97f97430b0ac44c81b595575993cf47641e0443b90a36e85caaa2e0c6bfc86a
1380,benign,lxhui_251125_tile_35_9_0_conf0.78.png,4,Benign,7,14014,3a0ed9a1f340b231a726ed1431be9b1bc6ec00394f83740b233718e237b317a3
1381,benign,lxhui_251125_tile_36_27_1_conf0.84.png,4,Benign,1,28353,dff1af5f1f17aa62c5f97088b53dc0b8c9b4d0cb485729c7f975300daba1a61e
1382,benign,lxhui_251125_tile_36_34_1_conf0.86.png,4,Benign,7,17007,06828293ba2eda28524c17353e69f408cf1b8b7b1012821ed04fac73ee603857
1383,benign,lxhui_251125_tile_40_27_2_conf0.75.png,4,Benign,7,10666,ee2b0877f9db5b784181c7b0266ab494b20ba9304bf6707ed86d684a29759006
1384,benign,lxhui_251125_tile_44_25_1_conf0.78.png,4,Benign,9,43178,1593faa15bdedb10dfa9d169acf408cc55db6a135fc22d9c30c62e6107fd5071
1385,benign,lxhui_251125_tile_44_27_1_conf0.71.png,4,Benign,9,38927,3d85b5a526e1976096c4d1b07a413107ef49a685d1ed9e99ed6ff26f16cec2ac
1386,benign,lyan_251125_tile_0_16_1_conf0.81.png,4,Benign,1,20133,47aebde6735c2dc89930d9a6ba8a675524de5bf1931abed31ba007454190198d
1387,benign,lyan_251125_tile_10_4_0_conf0.72.png,4,Benign,1,35276,ad552bd0da9b9f23ea64750fd3742cdc3dc0e601c75e7f1f1c6ce30ba74aa4b8
1388,benign,lyan_251125_tile_10_8_1_conf0.69.png,4,Benign,6,119347,9f88c28977bd7332a2e2e2763922a67c19c6e9bbb18628cb0067a4a6e79ab5b3
1389,benign,lyan_251125_tile_11_18_0_conf0.86.png,4,Benign,1,29141,37a0f3a5113664b2ad41f75f55c95124971311a79e5f7b0c2fa5f63b90d8be4a
1390,benign,lyan_251125_tile_12_22_8_conf0.54.png,4,Benign,6,91838,b75ce91eeddb427f5a95417682611b77dcae17f10759b0eac8d350ba8f459adf
1391,benign,lyan_251125_tile_12_7_3_conf0.47.png,4,Benign,5,9598,1936b480238d302a8a6bee5135f90bac05a720e411bf19bd3df1c120f8e1b4ac
1392,benign,lyan_251125_tile_12_8_2_conf0.78.png,4,Benign,5,9814,3df11da78197ce003f20cb236a273414480f89c5b2a9908b20b8074155478db1
1393,benign,lyan_251125_tile_16_10_7_conf0.51.png,4,Benign,6,106821,3b74aa693730bf13d5614c777097c21b96694e35d83f20b8a4d8f8230183f2e9
1394,benign,lyan_251125_tile_26_38_1_conf0.40.png,4,Benign,5,12527,3fec0bf67746e74ed996bd6b0bfa0d0321b15fa6e3772ef332630d41dcd19179
1395,benign,lyan_251125_tile_27_24_8_conf0.53.png,4,Benign,4,33264,3f74873d48db476822cce8c89d6983d1517616bb3a7566b294deeff3b573ea69
1396,benign,lyan_251125_tile_29_17_1_conf0.76.png,4,Benign,5,10379,e89c9e544ad8c2eb1ba714cb241158593536c1b405eb6691fb589ea4a1fc5165
1397,benign,lyan_251125_tile_29_30_2_conf0.61.png,4,Benign,1,13112,fa28f7231cebaede878262848149b68086750090d5641cf2bd129a77d854965e
1398,benign,lyan_251125_tile_29_34_4_conf0.64.png,4,Benign,2,10707,232f92983e12720584491d95d6ce49e2d2d06990338c96c2721dfd724c01e8e7
1399,benign,lyan_251125_tile_30_23_0_conf0.69.png,4,Benign,6,70493,c991e986bea42fd51cfc3553c7c1409accaf7cf03bd68d5d982925ca01e9250b
1400,benign,lyan_251125_tile_30_26_0_conf0.84.png,4,Benign,5,11039,36c39143a5fb427874a51754fc278db8d2ee420208c7acd23d65baba33e1bbaf
1401,benign,lyan_251125_tile_31_13_0_conf0.83.png,4,Benign,6,25043,3788b6abff9ea844d183b4613450797467bb855d1c84b038d752aed9c5072eec
1402,benign,lyan_251125_tile_31_27_0_conf0.87.png,4,Benign,1,29591,28e992b7700357421d69c3ad1834ab81bcd8c74c30cde588a5d423c4b0b83e3f
1403,benign,lyan_251125_tile_31_5_1_conf0.75.png,4,Benign,4,22641,3b432328431c8ae0737637643b23a55bbfb52bbe71551a8248ba1f3d7d7f300a
1404,benign,lyan_251125_tile_32_18_3_conf0.70.png,4,Benign,1,26901,f5e1f290c035ce8380710c1059c3060ed9fafda4ae81b4b30ffe3ac26acf2c71
1405,benign,lyan_251125_tile_34_26_6_conf0.57.png,4,Benign,4,35374,de88b73a97500ebda7a9abd42fd96f1c38db3163bf95a7c8ad82091dd0bd939b
1406,benign,lyan_251125_tile_34_28_4_conf0.69.png,4,Benign,5,7812,407134c0e40b2a1ad7debe67242332445fcdfb1864bfede262429de32cfd06f8
1407,benign,lyan_251125_tile_35_17_0_conf0.83.png,4,Benign,4,7692,397c9f61df9b0c34722ac6767c24e64ed24796cefd060a6dd419e5e46962667b
1408,benign,lyan_251125_tile_35_28_5_conf0.41.png,4,Benign,7,31400,ed9464407c829a0f73fb7395507accfc3adecdd7ba2a7bbc6c1f6907eab773db
1409,benign,lyan_251125_tile_35_9_1_conf0.59.png,4,Benign,5,17265,1621cf1a9d29053bc4003fef5e8a304678b8f0c28c554b45061d313ac420505f
1410,benign,lyan_251125_tile_37_19_3_conf0.44.png,4,Benign,5,13210,7cbf903f47796eade352e2c006fc16513a34e8caafcfe12df01a14eb15ed962c
1411,benign,lyan_251125_tile_3_14_1_conf0.78.png,4,Benign,1,20628,8626e3739fe10e705ad7948968ab0e1503873473183ea22b722ebf831489b78f
1412,benign,lyan_251125_tile_40_20_0_conf0.74.png,4,Benign,4,25631,57bbd8d26714da4344a3a74e9143f689304c15a7f9b4fc5ea7b2ab790461b05e
1413,benign,lyan_251125_tile_4_11_2_conf0.71.png,4,Benign,2,15891,7810c473f98b7ecc840aa6146d653d1f3b4ff53699c65a684f917c0cd50b5787
1414,benign,lyan_251125_tile_4_12_7_conf0.53.png,4,Benign,6,63286,39b22388caa75b29340be9cc367fafc6594ac1636600304c03e10bd9d3c9bd1a
1415,benign,lyan_251125_tile_5_10_4_conf0.65.png,4,Benign,6,31701,4b5056c530a84dd55b8aafa481cde8816242825563d79cd9fe73b7d1c10a8740
1416,benign,lyan_251125_tile_7_19_6_conf0.46.png,4,Benign,9,48384,797c04adc9b50937e75e3be27cfda82e5423608889df0eedac1a632ba0b6204c
1417,benign,lyan_251125_tile_8_28_3_conf0.75.png,4,Benign,1,27478,94b2c65f3c22efdf162d6ab021491fb09b6eeb3cb6ee0dec3dc729f3e1812f2b
1418,benign,lyan_251125_tile_8_29_0_conf0.84.png,4,Benign,2,15743,9f1256b9368c8d9cf56fef61f75fcd28d74cd75396d492ed6f6a2773dcc6db40
1419,benign,lyan_251125_tile_9_11_0_conf0.90.png,4,Benign,9,44012,e34c0b38f11a768063602519afb5baf90426df4e18001f4c77d47a3fe0f7dddd
1420,benign,lyan_251125_tile_9_16_3_conf0.65.png,4,Benign,6,194681,2d8f7cd673639903b40959a8fb2df923348fb3671c49509040cabf89772e3e7c
1421,benign,lyan_251125_tile_9_21_2_conf0.76.png,4,Benign,6,91036,7171b4889b1ec6e4d95c3cd68f143d3b38ab538e442a0c06519654b00f0d241f
1422,benign,lyan_251125_tile_9_35_0_conf0.74.png,4,Benign,4,24300,e68703c4fa29bf1ca5e248325e082029b1f5e94fc0f7baa0f109d9971af29e80
1423,benign,lyan_251125_tile_9_9_0_conf0.81.png,4,Benign,1,19417,7c07005a7c7f2902c4a176c0abf3cf8b134b89134fef670b038abc310d981a0e
1424,benign,orxin_251125_tile_11_20_1_conf0.78.png,4,Benign,2,14708,5a0098d22e9050fa799d813f7f13975d4dfb0be46707b6f2ad53a33077494dac
1425,benign,orxin_251125_tile_13_30_0_conf0.72.png,4,Benign,7,11646,1b6e252483a9bc4fd93043ec8bfa4b6702d9326ad7f2da673a49c3569125c646
1426,benign,orxin_251125_tile_14_28_0_conf0.82.png,4,Benign,7,13261,31fbd8c4158511c39ea4dff0efbaf2e6799f8de7af75b918d0d62c0bef087274
1427,benign,orxin_251125_tile_14_35_0_conf0.84.png,4,Benign,7,8220,bd369b8cc7da33f2051458fcdf526ecb94b6c4a3bce47b76f90dd0bd63704392
1428,benign,orxin_251125_tile_15_28_1_conf0.88.png,4,Benign,7,16903,95fa9d9e7cd9746ca030dcbb06603403064752abae28db7bee16a8261d698924
1429,benign,orxin_251125_tile_17_35_3_conf0.45.png,4,Benign,7,15345,f6677a8273ebedc440f9f4461001c9b09d4c1b23ec5c99b0c6cddc820b5c878c
1430,benign,orxin_251125_tile_17_39_3_conf0.82.png,4,Benign,7,13446,57fe814a927f24b1c173dedf7d3979d6b8f6d3a7e4bc422a834d57056375a76c
1431,benign,orxin_251125_tile_18_40_2_conf0.73.png,4,Benign,1,26848,47807a81af087e5aeb999c877e475b2a78e72fd628d846f0bdd91888e65357a8
1432,benign,orxin_251125_tile_22_18_0_conf0.83.png,4,Benign,6,102915,abfc3c5762b131ae5fc80311a6a597c953537797a3c94c4defb1cb7806061902
1433,benign,orxin_251125_tile_27_22_2_conf0.74.png,4,Benign,7,17444,4c32ef691c1483c637999cb8abbcd0fb90bef8d818c7800844c54198bd71d398
1434,benign,orxin_251125_tile_27_23_0_conf0.85.png,4,Benign,5,13296,7158de31f051f29104ae7c542bf51ef15f08057e02d1b2ada2411d5c688a9f8c
1435,benign,orxin_251125_tile_27_38_3_conf0.75.png,4,Benign,7,12398,ec407af02dd1f710ef1b947b079e90486d2067c37f845579549be53b854f99ad
1436,benign,orxin_251125_tile_27_8_1_conf0.87.png,4,Benign,2,13403,9cc15de34c5b834d211fe66e1d83eeab6132a3da6c15a39535fabc07daaf3f90
1437,benign,orxin_251125_tile_27_8_2_conf0.83.png,4,Benign,5,9713,60683e1ce4b751fdcf1146cdd83e7d657dbf826a3f60102a13cd20f4f3f9058c
1438,benign,orxin_251125_tile_28_25_0_conf0.85.png,4,Benign,7,8061,ed85cc20fd62cc637ffbbc9a65cca2535f323762073c3319dd9d120dbcf0d7d3
1439,benign,orxin_251125_tile_2_28_0_conf0.80.png,4,Benign,3,7905,8d9ff7686f7e0f7078ab02f57118e2a435422e502ce2e350e4eda590be0eab5f
1440,benign,orxin_251125_tile_32_8_0_conf0.83.png,4,Benign,2,16184,2890af89aac1b5da47b8197939abc41915144b14dbfe8961b8e7e43f17b97c97
1441,benign,orxin_251125_tile_41_14_1_conf0.55.png,4,Benign,2,14467,4e5c0888af593e872f0060d9dfc0ee8397efdcbe51e1e588e3724294d8025604
1442,benign,orxin_251125_tile_43_25_0_conf0.84.png,4,Benign,6,61958,bc4ec704b4c660c70f77f356c61cd2d046abe580ff861bdb9943b73917e55640
1443,benign,orxin_251125_tile_6_25_0_conf0.69.png,4,Benign,2,11134,fba8ea73b3ac1b553e463fc41ca436b4aa886f431cf87eba7b587cada8bd6af9
1444,benign,orxin_251125_tile_6_26_1_conf0.80.png,4,Benign,3,7458,3590da2ba1e31773ffe62c6ac669844deffca95e942de6d278da82edd874ea67
1445,benign,orxin_251125_tile_8_29_1_conf0.65.png,4,Benign,2,17431,431949dc883edb40b938899394d0c8ed55f8fdc4af207b17534cc485e93e46cd
1446,benign,orxin_251125_tile_9_21_0_conf0.86.png,4,Benign,2,12033,8a587ad5a52934881764dab8b15612facc7cad1f629ef83dc2814cdde52a328d
1447,benign,orxin_251125_tile_9_25_0_conf0.86.png,4,Benign,7,12238,4a8de5071d9bee219dbe3a9d28012034c40de1e7402ea9b008cdd8b316c17d7d
1448,benign,orxin_251125_tile_9_26_0_conf0.90.png,4,Benign,3,13057,b6ca88ce04f25e6a05d463c0110e0b92ca33a522186caba82010d23be5d95cbc
1449,benign,qqbin_251125_tile_18_41_0_conf0.71.png,4,Benign,6,98830,5108926ac0714b99e872d6b26c7bde8f30e5673b8ec9d3911cf920c4fb84884b
1450,benign,qqbin_251125_tile_19_30_1_conf0.56.png,4,Benign,9,27017,afa05e02c14453f04e51633c2d5afd7bcce8e893b5cda990fb01632eb39c9994
1451,benign,qqbin_251125_tile_19_39_0_conf0.72.png,4,Benign,2,12086,701ae1ad8cf901f7f1b4af9d1a93fbd7f5864df3a1b580d50714b88dc21d6fad
1452,benign,qqbin_251125_tile_19_39_1_conf0.44.png,4,Benign,3,5155,47540de26b424470a33112ccc3c6193fd797245fb07e9fe93c6cbe604cb2cb93
1453,benign,qqbin_251125_tile_20_40_1_conf0.42.png,4,Benign,2,10090,be9ad9f7229de15b956d2ab0f0c072c4cb2e8cc1b1927dc0ccc243f50aa16662
1454,benign,qqbin_251125_tile_23_23_0_conf0.83.png,4,Benign,9,26319,60b7021d221eee102ab93bde0bee14f04f08aba9cf038bd426c5dd5552d5a963
1455,benign,qqbin_251125_tile_23_25_0_conf0.79.png,4,Benign,9,19660,d5eec6bcd73650133765bb205246b260d0778d391ff21f03f3c27fbc72d6ab7d
1456,benign,qqbin_251125_tile_24_44_1_conf0.86.png,4,Benign,6,147798,b29119595d3b39133271711b23457f990d0140f96788e361728ae53a00ed6e54
1457,benign,qqbin_251125_tile_25_25_1_conf0.43.png,4,Benign,1,59165,e3dccb15762e1afdd2cc4f994b43e14f6f911778e20a9fe9cc7cc05d44dde095
1458,benign,qqbin_251125_tile_25_28_0_conf0.74.png,4,Benign,1,30835,a205ffe5be241e437be0efb95fbfdc235ec7a45cf886cdc3f22a2928492d0ab9
1459,benign,qqbin_251125_tile_25_36_0_conf0.88.png,4,Benign,9,42407,751356f68f5d7a36e94bbc58003db69664db6e225e8f2f246d15c415a315c2f7
1460,benign,qqbin_251125_tile_25_45_1_conf0.74.png,4,Benign,2,11990,e5583381d0440b4583ad903f90307b7d283b7d1179d6ca01916b26c5dd0f6cb3
1461,benign,qqbin_251125_tile_26_15_0_conf0.82.png,4,Benign,3,12454,60fd2c1bba9d5aa9e3b49f32663ef25e449f1a9d0abf797a4e52b7cca1ddf3fe
1462,benign,qqbin_251125_tile_26_36_0_conf0.87.png,4,Benign,3,9058,5de43fd745bc198887108cfb587d7b23bb8a28bbbdc8c6506fc6f3fa9233aa44
1463,benign,qqbin_251125_tile_26_48_0_conf0.82.png,4,Benign,9,30322,cf00ac6aea9d12366a647c49438812fb8224a061b81e8391d0b97823826ff6ad
1464,benign,qqbin_251125_tile_29_25_0_conf0.45.png,4,Benign,1,103103,6ff7a0dea2724031c2ca1deee49585af6586c201bb15f69887df2b1a11b0a4bf
1465,benign,qqbin_251125_tile_30_22_0_conf0.48.png,4,Benign,3,9578,67407ce809c6df9d1ad109b4da048c0538586f808973f910b8c3ba54342654d9
1466,benign,qqbin_251125_tile_33_27_0_conf0.74.png,4,Benign,9,17404,3fb22176c49e627bee4293b6cea5cdd0dafc8355836b64f9e35057bd32b04ac8
1467,benign,qqbin_251125_tile_34_15_2_conf0.80.png,4,Benign,2,10440,ee14c590fabb56530556df428197e2123f907655b79645932633b4cd30491ea1
1468,benign,qqbin_251125_tile_34_43_0_conf0.90.png,4,Benign,2,15389,f1aa1b9bf719b446e2c222e54ce9c68a1c06031bccfce976d4b5f4f2a050e459
1469,benign,qqbin_251125_tile_36_12_1_conf0.79.png,4,Benign,2,7408,64d7bde94b47a374f93f1537d53b6fd7b28c54726e7cd5e06f38b936ccccd94e
1470,benign,qqbin_251125_tile_36_23_0_conf0.82.png,4,Benign,6,113975,aa32e6987313116d457e45308bc9bb14035ae8422323bc52dfbff40164676b5f
1471,benign,qqbin_251125_tile_37_17_0_conf0.88.png,4,Benign,6,122036,2a1af057755cc29fd497e7abc8bcea14c0e6abb5291ffbde02510d67cdf1e1a3
1472,benign,qqbin_251125_tile_37_42_3_conf0.67.png,4,Benign,2,8528,89cf956297acf3e0edc5f1d99c944621db3a94a6222c1657b7f370fc5ad714bd
1473,benign,qqbin_251125_tile_37_44_0_conf0.90.png,4,Benign,6,121464,5770ba4a671f3c71120e91f5669c9545ac5af42aedadedc2801a822a40072f80
1474,benign,qqbin_251125_tile_38_19_0_conf0.50.png,4,Benign,3,7147,050852f3a61207dd8a39516294f8f9d342a177cc761dae53a5549fdb9bb01fac
1475,benign,qqbin_251125_tile_38_34_0_conf0.84.png,4,Benign,1,97414,33bffea2fe470ae530a39a614e5e7db4a304298c7912aee6fac0f018ccc86db6
1476,benign,qqbin_251125_tile_38_48_0_conf0.89.png,4,Benign,9,30606,d62778f4f4fdf70604af3089390f5a8d7c0143052dfbfaa9cf8662f63c92c8e4
1477,benign,qqbin_251125_tile_41_26_0_conf0.75.png,4,Benign,2,6386,b85c56d501b35924846fb6ce102862b35c2be6fb19c2ca6e692495f834e981ea
1478,benign,qqbin_251125_tile_41_34_0_conf0.86.png,4,Benign,1,16717,92408ca2ae49e612eb5b7f5b2411be1669b82c948be8ff07bceba1e217417cd8
1479,benign,qqbin_251125_tile_41_42_1_conf0.75.png,4,Benign,6,85182,a7a24dae81e48ebac6ac41dd4ce97d02ad68f8d2199e8823b91a4afbde97f44e
1480,benign,qqbin_251125_tile_41_44_1_conf0.67.png,4,Benign,3,9144,b9f15ff71beaec8fa7f803cb573df0fa84fd815bf3d21e6c059c67d2340498e0
1481,benign,qqbin_251125_tile_43_34_0_conf0.86.png,4,Benign,6,105868,e78f6ad10f14db14279b3844be2e33526f3d66735796db8edef8163c27ac5741
1482,benign,qqbin_251125_tile_44_20_1_conf0.77.png,4,Benign,3,7832,a48242d30e51466163ebe220abcf077c140dfe8ad1bd292ff7b02cec6b8e83d5
1483,benign,qqbin_251125_tile_44_33_1_conf0.62.png,4,Benign,2,9903,948302fc087ddbd611e5cafaf6adcd5eea75e0153d650b06c928f6bba60fcfc5
1484,benign,qqbin_251125_tile_45_14_0_conf0.89.png,4,Benign,6,128764,8ce47daf817410945ae8d9c79add853e5f2fd86e9112b1b0557d9fe4ecb7863d
1485,benign,qqbin_251125_tile_45_24_1_conf0.68.png,4,Benign,9,43948,b352d0b84df5a265ef5642f9bab20b901940cd4e489828ec433bfbd589f92f41
1486,benign,qqbin_251125_tile_45_45_0_conf0.81.png,4,Benign,2,18844,5ba54bcae4c9855894c673c3b3cc523597d040e5fa4fe2d72a6bf12184fbf67b
1487,benign,qqbin_251125_tile_47_41_0_conf0.69.png,4,Benign,9,42428,a95ad65e88bf87459850f50c06da7d76b6be96faeea047b2aec0c00dc1cf268a
1488,benign,qqbin_251125_tile_50_27_0_conf0.84.png,4,Benign,9,32739,639f1490a2a7d15ae4eb6043396cd01ed50a1958a034b47690ff3cb1d2149e05
1489,benign,qqbin_251125_tile_53_26_0_conf0.87.png,4,Benign,6,89244,11046a44b2445a3ff99cf0668e1f39b5579b6f5169f6d7398f745062d99f1f87
1490,benign,qqbin_251125_tile_54_37_0_conf0.73.png,4,Benign,1,24125,1e2c08451cf632ba452418c488e5cc1769347ac37311065e49b2b3500517702d
1491,benign,qqbin_251125_tile_56_31_0_conf0.75.png,4,Benign,2,25737,9675d6c39f43b843746208075eff2c06a85207d86f4ced1161be70f8e6a581a6
1492,benign,qqbin_251125_tile_56_33_0_conf0.86.png,4,Benign,1,44415,5daecd50a8d4f96723ab88489d827a13829eb4896e6563a00944b7028a9cb021
1493,benign,SH_561505_tile_12_28_0_conf0.89.png,4,Benign,0,19059,aae426cba0eafe1cad329bbd1f9b77a19bbd5d363927b5240d7fd560f8cca0b6
1494,benign,SH_561505_tile_13_11_0_conf0.86.png,4,Benign,3,21858,892bc02e377b9aab2e7cb030bc1d0bf91b2ed958768eb1040883c8784e134c54
1495,benign,SH_561505_tile_13_26_0_conf0.81.png,4,Benign,1,28566,153d58c153daf32cca1649dc54e36f9fdb11c1f3c565e76622e2c67a531c0f46
1496,benign,SH_561505_tile_13_27_0_conf0.90.png,4,Benign,1,51956,c649c553cf933d15b6c02bab355f97941e5a65fd2ca7594139d168978c409d63
1497,benign,SH_561505_tile_13_36_0_conf0.90.png,4,Benign,4,31176,a1061226ec52517d831c3b25e3008001b428448a5d6dcdc88aebc27c54111ccd
1498,benign,SH_561505_tile_14_27_0_conf0.91.png,4,Benign,4,25623,4831dce74a969d1af018d69a8198b6366dfa4fd6d634b4f15ac070092380fb40
1499,benign,SH_561505_tile_14_28_0_conf0.90.png,4,Benign,7,17801,9ba01ad27cc234f58a3e492ded38d3cc601e95912f5f1d7af4c052a2e19a56a5
1500,benign,SH_561505_tile_2_46_2_conf0.45.png,4,Benign,7,16655,f44ab554fb91daa01a44232a0870be7a47fca764f23fbdb361afaa61c4d918ec
1501,benign,SH_561505_tile_6_28_0_conf0.90.png,4,Benign,3,19161,d2b09774b7d54bc69fa8dbe54af5cf5e6b3a216e5e0056db44fa98c2fcee6cfe
1502,benign,SH_561505_tile_7_24_2_conf0.87.png,4,Benign,7,14671,a9efa0202734df89c8a7fef11a00fac39cee08d32a4940a32fc5c22e67f91d68
1503,benign,SH_561505_tile_8_21_1_conf0.67.png,4,Benign,1,24036,a3d59d531c7d30b8122130540ac65fdbcb4470a6600bf9862b9b5366e6f32d82
1504,benign,SH_561505_tile_8_22_4_conf0.88.png,4,Benign,7,15833,ac56d1bd63cd15b5900da2c8039233c58c5f26b86fb84765aed5e2357aaebbae
1505,benign,SH_561505_tile_8_22_5_conf0.87.png,4,Benign,7,15779,79d5cf91adad70e8a2a435ea965150f9bf4f99cd6965616083fe1c6b13440a50
1506,benign,SH_561505_tile_8_22_6_conf0.76.png,4,Benign,7,15852,7c040506bef1b666f807e46779e152a3d20dff1e150b6e2adf1b9616f5923f80
1507,benign,SH_561505_tile_8_23_0_conf0.90.png,4,Benign,2,21077,4be61477525928078030f4d331c9dd3d6d9b1fbd9c39ecb7e98a2b67463f749e
1508,benign,SH_561505_tile_8_23_2_conf0.89.png,4,Benign,7,16217,2853f0bf91c7764b7d7358c531033f817f7b02532809cb419e85f9367c6d9985
1509,benign,SH_561505_tile_8_26_0_conf0.85.png,4,Benign,2,19852,4653f41882552c2e0d8151611186864626c86bb264c048571bb6591e25c41e80
1510,benign,SH_561505_tile_8_39_0_conf0.88.png,4,Benign,6,57701,13e7d25ff825364d2e0998b21b37408b52f191c69d3af82c789b7d4c0df8a294
1511,benign,SH_561505_tile_9_21_0_conf0.89.png,4,Benign,2,26245,8a8761bda53ae505c877715322c8354fc9c9b2b84ea24f457f10ed8b605e89e1
1512,benign,SH_561505_tile_9_25_0_conf0.86.png,4,Benign,7,21497,239e781d8b6d1f1d6578a5402d3af64c248be84f8d63aea6c955d9eba3483edf
1513,benign,SH_561505_tile_9_31_0_conf0.89.png,4,Benign,2,27772,a7c4ed3e34ea051e14dce61b3bb05161300b3580e4eb927e8399183847cde495
1514,benign,SH_561505_tile_9_32_0_conf0.79.png,4,Benign,6,28083,85f3c8dc8904e6c00e99e7e7e6af10fd85658ad4a370bf974092fd9e512d1ed8
1515,benign,SH_562063_tile_1_43_1_conf0.60.png,4,Benign,5,18807,4fae8dc49124c75c98d54699d18044b9262e5ce91bb25200c57f20802f585d8b
1516,benign,SH_562063_tile_1_49_2_conf0.48.png,4,Benign,5,18222,b41207e2ff6fc83c05b14ea518232c1043e021e081334d53e11d517dd1c8f518
1517,benign,SH_562063_tile_59_80_0_conf0.89.png,4,Benign,6,102106,695e252d5289ee88143ccb5d0abeee9250086d2368b231de40f7dd1ea7541976
1518,benign,SH_562063_tile_61_61_2_conf0.86.png,4,Benign,7,18542,5b215f1f36b2d7880fa235a9214f3cd3fa9bae9bfbdc942e7af418c8ad8c82e6
1519,benign,SH_562063_tile_61_74_0_conf0.92.png,4,Benign,6,93882,76359838cad621cf96f605d2843727cf0a96bb9c5c112935bf52965a98d972e2
1520,benign,SH_562090_tile_10_11_0_conf0.50.png,4,Benign,1,20549,c475b9d29d03fb2e57a22f5671f6c3619cddde4a4dd5c1b42e0c849ff726c417
1521,benign,SH_562090_tile_11_31_0_conf0.78.png,4,Benign,7,18404,761517fdc20dea65cc02a3342e32061522be80c7320fa5eb1462ff3633fcf756
1522,benign,SH_562090_tile_4_29_0_conf0.92.png,4,Benign,4,29048,67d1087d36b9f102c5ee6707d0859b3c451f4e5a20c5f5f45626c3165806efc4
1523,benign,SH_562090_tile_5_28_0_conf0.93.png,4,Benign,1,40976,9178e66f06d61bccb2ba6ea25355727dc05ee7a6bbf99e32688ed1ccc559edac
1524,benign,SH_562090_tile_6_28_4_conf0.46.png,4,Benign,9,28233,f94028159bdc63af21f4c9f284e59df7ab342d03dac4f188a792ca8a07b64565
1525,benign,SH_562090_tile_7_20_0_conf0.48.png,4,Benign,7,19916,053778c67d7f4cf55e13e0e7b9f0f4ccfdc04ec43ee32ad7175f8a60a5f22351
1526,benign,SH_562090_tile_8_18_2_conf0.44.png,4,Benign,7,17465,6d4011963b1bd446efbe15948dcf340a2c0d051fead5dc1eafad9f2c183aa9bd
1527,benign,SH_562090_tile_8_19_1_conf0.48.png,4,Benign,1,21780,9a2bbf3f01391dae02d6c2a14c03d27cdefd7634a83a3ae12f340d7a679815d0
1528,benign,SH_562090_tile_8_20_0_conf0.68.png,4,Benign,1,17812,f88a8218a007f959ba0929a465e8d38f4014fcc4dfb31d3de30fe455debfcdf3
1529,benign,SH_562090_tile_9_16_0_conf0.72.png,4,Benign,7,20575,b54850f776dc9954f04f93e6bdaef13ee955ce495a4813f10a453c7e8780d53c
1530,benign,SH_56837_tile_12_25_1_conf0.91.png,4,Benign,4,29282,7aca9af8549da9ce77fa403fc6e679725692ffc14144c6ff5d166d5e7353779d
1531,benign,SH_56909_tile_0_11_0_conf0.88.png,4,Benign,9,103565,597125a49a68c55cba1c74919c82bee103a678e9ea872f39597895abc059856d
1532,benign,SH_56909_tile_0_13_0_conf0.88.png,4,Benign,9,44555,79acc45bc9fd91b49e0d62d42d8bfae68e8a3d3d1f451f2d988e24f45509c793
1533,benign,SH_56909_tile_0_14_1_conf0.62.png,4,Benign,6,62742,232672da23466ecc2da9284a96a817e5fcae32dbcedd3210f999b75de4e488bf
1534,benign,SH_56909_tile_0_16_0_conf0.86.png,4,Benign,6,82705,9017b1f4793387ff4fd6a58726a74779737db38a5d5f7f5ce2956e512366a470
1535,benign,SH_56909_tile_0_25_1_conf0.91.png,4,Benign,6,107666,f9ac603741d305150e7cfc16e87c061780768ac494e84ce3f2e214c2ea145592
1536,benign,SH_56909_tile_12_29_0_conf0.91.png,4,Benign,1,26177,f97fd435f9a12812ce9d5c4f4eb5905b62214f164aa68b5951c951885e7f5201
1537,benign,SH_56909_tile_12_29_1_conf0.89.png,4,Benign,6,33809,8d10193ad276347961cd82e13a76bb0133df4bd807fae904674f998e42497080
1538,benign,SH_56909_tile_12_32_0_conf0.91.png,4,Benign,2,23350,87754c0bf34fe3886a9ab073a1de21a3397be1585897ca8eee2d1513dd75ec12
1539,benign,SH_56909_tile_13_26_1_conf0.87.png,4,Benign,1,39888,d3c906d3aadf263f9a85e3f0047b95ddfb0961be24ab8f143f44997f227827af
1540,benign,SH_56909_tile_13_26_2_conf0.83.png,4,Benign,6,32901,c56dccee68e98772e36ffc14ceac29e08dd02a4c4f364509856046b1ccafe0a7
1541,benign,SH_56913_tile_4_33_0_conf0.87.png,4,Benign,6,31513,88cf171bbf3237fbc8cda0923bddbd7fc7c67c8bc6ae1c62505d3bbab1de7197
1542,benign,SH_56913_tile_5_28_0_conf0.93.png,4,Benign,1,40976,9178e66f06d61bccb2ba6ea25355727dc05ee7a6bbf99e32688ed1ccc559edac
1543,benign,SH_56913_tile_6_28_0_conf0.90.png,4,Benign,0,29563,4ae217409429aed8a98698e668ef63c903c1dfc814f8872458e74d652755d12d
1544,benign,SH_56913_tile_6_30_0_conf0.93.png,4,Benign,1,63844,e7e41d1191bb5e7787d4c8502260269e41561fd7a46e2c315cecd8268c4cc7bf
1545,benign,SH_56913_tile_7_25_0_conf0.91.png,4,Benign,9,33107,20cee919f1645255b28cd4ff3cec59fda91d3603f8a56c57b24b9400a8fd764c
1546,benign,SH_56913_tile_7_36_0_conf0.90.png,4,Benign,1,43438,f716e445fb51074d04208c5ed11fc70e9784871d1161cf026da7d7deec7b2c6e
1547,benign,tkzhao_251125_tile_10_17_1_conf0.88.png,4,Benign,9,47017,a6ad1f83c07cc730dad05c0a25a37953eab2fac3a48decb4dae99bcb3a3ec647
1548,benign,tkzhao_251125_tile_10_28_0_conf0.79.png,4,Benign,7,11050,d2a4916c025357a358b35d0fa25d9504fa52d7f4e08b0e790b26f9230c0f4ab1
1549,benign,tkzhao_251125_tile_10_38_0_conf0.71.png,4,Benign,7,12678,5c55b62b3e7d52a71d72651de7fde4b2e5e9b5859fc0459262e8e740b22a3289
1550,benign,tkzhao_251125_tile_11_8_0_conf0.88.png,4,Benign,9,32658,8a7a4309aa6a790c311e96cd93302464d0b5851967dfb61c6dd55de359a31239
1551,benign,tkzhao_251125_tile_12_16_0_conf0.83.png,4,Benign,6,99004,6f1248bc7a0b4a2a8154355811f883820b239f3c26db5b149477bfb2bd0e493f
1552,benign,tkzhao_251125_tile_12_35_1_conf0.75.png,4,Benign,6,153403,895a74a69c2840dab4dc1756723f457a0786a4aca2a0fdd9d9b4d65b6a6eb172
1553,benign,tkzhao_251125_tile_22_10_0_conf0.88.png,4,Benign,6,125537,a681842720087f08c9d23169be403998172d2cd68af1b4e9125a8bff64a24b08
1554,benign,tkzhao_251125_tile_28_42_0_conf0.83.png,4,Benign,6,107748,a67dee355f850bca6d0feb34db4c2f011f82e6025830e97c6698e0c18e95c11a
1555,benign,tkzhao_251125_tile_29_42_0_conf0.78.png,4,Benign,7,13848,4bc89c6c5c3d8c6ae7ba9359413f29f83ee97f944319932462387d4aadf983df
1556,benign,tkzhao_251125_tile_29_43_1_conf0.75.png,4,Benign,7,15697,346a585374a20746fdcdf4caf407a34e454d9733bea085a0cafd3fc44e0417e5
1557,benign,tkzhao_251125_tile_30_27_0_conf0.89.png,4,Benign,6,85987,b2175bbb6a27b55e5294d764ac2be5c5daa21af4cd13116f57075898184855da
1558,benign,tkzhao_251125_tile_31_19_0_conf0.73.png,4,Benign,5,12386,96002a70af432e2ff1e5fa4c3557704810388dd39a1338bebbbb3b688476b492
1559,benign,tkzhao_251125_tile_31_20_0_conf0.89.png,4,Benign,5,9197,7e5d3f9ae8f44cae9adcfdda2800f4deda7f7dce45ee1cc1d8411f9eb502ee86
1560,benign,tkzhao_251125_tile_31_21_1_conf0.75.png,4,Benign,5,6858,27050ea18111f17c3702ac7804bfe34edfb0add57f468f46a01111cf7d258fdc
1561,benign,tkzhao_251125_tile_32_23_0_conf0.73.png,4,Benign,1,37486,c55166ef3d25ce0907df7ffddefcd6ac6a1ca6d9a92a80f19c738be6601fe7b5
1562,benign,tkzhao_251125_tile_33_21_0_conf0.82.png,4,Benign,7,9745,40b6735fdf0ceff88cc1601357a80491be6057bc4a733e852c1c741fa46e8a4c
1563,benign,tkzhao_251125_tile_33_22_1_conf0.83.png,4,Benign,5,8560,6cda1ae90378f2be1af66dd09b633990bde983557776067c061d43a6c54c6511
1564,benign,tkzhao_251125_tile_34_20_0_conf0.92.png,4,Benign,1,41945,2f8dd163e6ed92875f51c01951d16392f59f46b9ec48a079d48967d6d5d266d9
1565,benign,tkzhao_251125_tile_34_34_0_conf0.88.png,4,Benign,9,48653,2374894add16dc1ac8264bd18be8a89e5c0b382f82a678c54b39ef7cfa40e1ae
1566,benign,tkzhao_251125_tile_34_34_1_conf0.86.png,4,Benign,9,30566,cdb70239428131e5b29522f07f60165e2b407cbab09c6be72e2a649cb7e2ee93
1567,benign,tkzhao_251125_tile_34_5_0_conf0.78.png,4,Benign,6,103064,7c2e008eafc8b95dc4e4feddca72d91d9052b4b49a0926ec63bd9f3274247de6
1568,benign,tkzhao_251125_tile_35_13_1_conf0.78.png,4,Benign,1,18042,242cda04aca61d9384c4fcecbf2f98d7f982274882ab92404ac5064c29a154e2
1569,benign,tkzhao_251125_tile_35_18_0_conf0.69.png,4,Benign,5,8516,78e0891d6f4c27b9ba0e7f90cf82fb8769ace98ce28b80ce09b26f9fb56db615
1570,benign,tkzhao_251125_tile_35_21_0_conf0.82.png,4,Benign,6,103089,e7bcdaedf516bf7db639a934fb74de8f8b1cedb52c9007e90e111dc3c931a32c
1571,benign,tkzhao_251125_tile_35_24_0_conf0.87.png,4,Benign,7,9871,32e2064855133d72018a15b33c805fe9e63c7386af3490f9ed2f48d88ef6aa00
1572,benign,tkzhao_251125_tile_35_6_0_conf0.79.png,4,Benign,1,48436,7047e138c542121d3e11d1a1b81032740210246ec0cb5c4de79043f0955285e9
1573,benign,tkzhao_251125_tile_36_26_2_conf0.72.png,4,Benign,5,11837,e9ccf47ca532031df44cce74d372c090fd95c83895453b3f63246afcce973d12
1574,benign,tkzhao_251125_tile_36_27_0_conf0.76.png,4,Benign,7,7564,f07e67c75610e3ead4d994e67a334afe6e1ba68e153bf145f257e4c46fa06956
1575,benign,tkzhao_251125_tile_36_31_0_conf0.82.png,4,Benign,5,10295,49babf63fe815b396e296b54eddaf1263891156f4fe99970063c26670dcf10e5
1576,benign,tkzhao_251125_tile_36_37_1_conf0.72.png,4,Benign,6,140777,3a61815cf11dcc7d54d0af5c450d3f62853e3939ce2b925db6c18b0e547848ba
1577,benign,tkzhao_251125_tile_37_26_0_conf0.41.png,4,Benign,9,88133,cd22114d0074b247a9b0a51516cabeb6507a71fe82f5a88b89e8e0f6c683f12e
1578,benign,tkzhao_251125_tile_37_39_0_conf0.76.png,4,Benign,6,148115,8489f9da2326db7929264f19416c051ef564a3c8ae5a8effc64e0ab49dbfa2ba
1579,benign,tkzhao_251125_tile_38_32_0_conf0.72.png,4,Benign,7,9496,70599460e29b9d2090ee7faf0be9c9979d8d82eedb0c4407289420d34358b689
1580,benign,tkzhao_251125_tile_38_33_0_conf0.87.png,4,Benign,7,10667,5987a9bd6710136b8d00ffad44d5b50e9cf4bb26e5e93dc2a445aebbd4fab71e
1581,benign,tkzhao_251125_tile_38_37_0_conf0.65.png,4,Benign,7,16398,6ce3a5415023f13b8ab488c75150be7b1339300326b03f6892652027807db20f
1582,benign,tkzhao_251125_tile_40_18_0_conf0.92.png,4,Benign,7,12770,4b2a957ea2642ceb4daf6e7c1734960113eb6d8ec12c5380660a821ac6a8e745
1583,benign,tkzhao_251125_tile_40_21_0_conf0.53.png,4,Benign,5,10765,0607cd6b23093365253dd72e9bd0a0648c25ff8a84840925f3a8b6e61aa53b53
1584,benign,tkzhao_251125_tile_40_8_0_conf0.77.png,4,Benign,9,26683,786409e2b742b270979e495070e82c3695a94c2c53c977bd4c7e83e23ca262ed
1585,benign,tkzhao_251125_tile_42_25_0_conf0.91.png,4,Benign,9,47625,ab193cc2dd57471ef80269bd2273825a1431d27df4154f0beffb7c254d58484c
1586,benign,tkzhao_251125_tile_45_26_0_conf0.85.png,4,Benign,6,89204,60cbc4dce4dee9c94d69cff4735edd0ab3d84a729bceddbd2d598707fe51b061
1587,benign,tkzhao_251125_tile_7_10_0_conf0.86.png,4,Benign,1,32978,49e9b56d72431c224be5cfce5d06b44133e89f8603f394ba8d42f5a8ce2eb43b
1588,benign,tkzhao_251125_tile_7_21_0_conf0.86.png,4,Benign,6,143123,47454b5ef463d96ae4ba8b7ab390e9b230c56fb8fd63f4c09919d57ff5ba6480
1589,benign,tkzhao_251125_tile_8_11_0_conf0.86.png,4,Benign,9,24752,d6bdac4082f02481793e2747f06b7b37815043a113645cd41f858e4701543db1
1590,benign,tkzhao_251125_tile_8_14_0_conf0.83.png,4,Benign,7,10072,f7c4f44fa7460966eb32ffa880793025fa3e1a76d605c7c85140257de1ac3bab
1591,benign,tkzhao_251125_tile_8_14_1_conf0.80.png,4,Benign,7,14682,634141cb79f50fb4ab3ff9c6c43299dd22d5c7d820ab705f838d535088976781
1592,benign,tkzhao_251125_tile_8_9_0_conf0.85.png,4,Benign,5,18266,1fba3ac14a4958725786ba2d355cccc53c88f7ae6d98c5a81c6893a9574de228
1593,benign,tkzhao_251125_tile_9_13_0_conf0.83.png,4,Benign,5,12762,5c09421f92763ea905916f8183c9d89ce3a4da0d7f3dee4e71846a18a83ab382
1594,benign,tkzhao_251125_tile_9_14_4_conf0.71.png,4,Benign,5,13305,65f16b84817a4f45993ef7c77e3fcf0c38a1e864130560c01a4f6264f68d96a8
1595,benign,tkzhao_251125_tile_9_18_1_conf0.73.png,4,Benign,7,8403,1be0f220358686b8789a35fe346454be727eed6dd11ef3446f0130065168a6bb
1596,benign,tkzhao_251125_tile_9_29_0_conf0.85.png,4,Benign,6,157507,b66cbe109f991b1b244d9584233cb145291f6a4acd9d867a7b5ac38e53237a72
1597,benign,tyzhen_251125_tile_12_12_0_conf0.84.png,4,Benign,5,10212,db0b11be2358bb548d0b9abe8b1016d14109189b713c4eb4f0b1ceb3306c5ce0
1598,benign,tyzhen_251125_tile_12_24_4_conf0.68.png,4,Benign,5,8411,66bccfa7c9370a18075b26ded6f567fe530922e05aa604b2a657d07ceabf898d
1599,benign,tyzhen_251125_tile_12_9_3_conf0.80.png,4,Benign,5,16590,f057aa4e65b73810414b69a858636d9a8c846ae736ee78a93347612c6efc5dbf
1600,benign,tyzhen_251125_tile_13_20_0_conf0.82.png,4,Benign,7,9454,f9ccbe7bf7bbbb91321dedb282a50d7793ed1941fa2191f38cb566abde264db6
1601,benign,tyzhen_251125_tile_13_35_5_conf0.60.png,4,Benign,7,6669,15d107f8f7b4ea8a7df829cfbb366514cb049f7e086314a17d0ed9dc6617994e
1602,benign,tyzhen_251125_tile_13_35_7_conf0.48.png,4,Benign,7,9111,10de4b78807065ace622fc0d9bd4ad035ec65f45db7547d5a3e845409967155a
1603,benign,tyzhen_251125_tile_14_27_0_conf0.92.png,4,Benign,6,68524,7284631a2aff3a1408963ede4a3a8a090880375cd173e7d33ee62165becc6dc1
1604,benign,tyzhen_251125_tile_14_33_0_conf0.88.png,4,Benign,6,78193,dfb8111317edf3f6c7866703d467b37b3270e74e6f002f3dfe015d06298a0d84
1605,benign,tyzhen_251125_tile_15_36_2_conf0.80.png,4,Benign,4,15913,53b0420164617c9e4ee1a6a11c96f14ee4a5e7af0ec2a629a1c8f750daf38c79
1606,benign,tyzhen_251125_tile_21_39_0_conf0.86.png,4,Benign,0,9918,68c446ce1ea21578660d8f507a4b72f888aafa74fdd22a837f3d5fb04b301fd5
1607,benign,tyzhen_251125_tile_27_6_1_conf0.52.png,4,Benign,6,67812,65fbbb7d6641465444835f85196181e21a7f15ea9fb9ff1caeb38ccf3cbe0bfb
1608,benign,tyzhen_251125_tile_28_10_2_conf0.81.png,4,Benign,7,10152,a2c6b5d257d435373b64b85db03a298ec8e8f4703083eb74617b9d2a1f031dc7
1609,benign,tyzhen_251125_tile_29_34_1_conf0.77.png,4,Benign,7,7296,42cfa331ccb116451c7879e49b5f5ce1786c25a8f67bcb18b2c03912a1b4e275
1610,benign,tyzhen_251125_tile_33_26_0_conf0.85.png,4,Benign,7,6393,da1b5704e69f4eadb58c8f2936a96d1652558227dcd8d520f8b372a34dba06f0
1611,benign,tyzhen_251125_tile_35_19_11_conf0.60.png,4,Benign,7,9280,c67b6e75df7a3adb2bf39d5fd8b1358da7164279e578527c2367beb92c9723a5
1612,benign,tyzhen_251125_tile_35_27_7_conf0.47.png,4,Benign,7,6963,5cde2c77df599018ea5b99997860b8269eb89834806817378fbbe2064160b9d6
1613,benign,tyzhen_251125_tile_41_23_8_conf0.47.png,4,Benign,5,13873,e0bee485fe0e0b6854e8a430762ca3ac332ea65408df21e2562187f1496cb8b6
1614,benign,tyzhen_251125_tile_42_25_1_conf0.80.png,4,Benign,5,8462,2b70b94008fa5bfe369e49b99411920a49e84393317e8982c37968de6683ec49
1615,benign,tyzhen_251125_tile_42_25_2_conf0.69.png,4,Benign,5,13957,f74d1fc0c1ae9600abdb9450b087337600beaf07b5a94e645a64c2b2f599365a
1616,benign,tyzhen_251125_tile_42_29_2_conf0.49.png,4,Benign,5,13401,0aa80f23e7a61efe5ae09184b1cf9575e813a09fbf940601afe32ba1b9fea16d
1617,benign,tyzhen_251125_tile_43_23_1_conf0.75.png,4,Benign,5,10704,529d0181848c910f1acd5574c8520e13350d9c133a07d0bc2b95ffd388480de8
1618,benign,tyzhen_251125_tile_4_20_0_conf0.85.png,4,Benign,6,210410,6ada2a7aff057fd4a914fef624367c8f7c824997c37b087b96678691186cdfcf
1619,benign,tyzhen_251125_tile_5_23_0_conf0.87.png,4,Benign,6,137950,08bd631ee073973c42dcfdb70b571378d63ef5cad68124bfa467ad99606b0780
1620,benign,tyzhen_251125_tile_5_25_0_conf0.87.png,4,Benign,5,14468,309b508f9a7417329b3ad69b1921c2723cd9aaa1f895ce2e84d36d13e9ba5c73
1621,benign,tyzhen_251125_tile_6_17_0_conf0.85.png,4,Benign,6,179428,936702b8004e674949678f5926d2db26d789709fd4c70fd374074b167392fc4c
1622,benign,tyzhen_251125_tile_6_21_0_conf0.88.png,4,Benign,5,8856,32ce4e5af4efa99a42312bd24c83efeb28c040d57726cd039e16b6e454e9a970
1623,benign,tyzhen_251125_tile_7_20_4_conf0.58.png,4,Benign,5,18427,070c3415de08deeab4070c68201054376aae606726078fdbf72000adec7c494c
1624,benign,tyzhen_251125_tile_9_13_0_conf0.92.png,4,Benign,5,9702,0506f1d3edfb6e4d893118ba942c20a20bbfbc10b9f5abca230e045b8f0e0cac
1625,benign,tyzhen_251125_tile_9_34_0_conf0.84.png,4,Benign,4,11157,45fae5f00f0f7fbae0d16f5646d072e18b782b395ca246edc23aad8a6c4f7492
1626,benign,tyzhen_251125_tile_9_34_2_conf0.81.png,4,Benign,7,10072,0321abc7821ee748c830265ebf39ec2f2ba4e945c29fcb6a64e34faa88269c37
1627,benign,tyzhen_251125_tile_9_36_0_conf0.81.png,4,Benign,6,151182,6336b3dd0b412f371bbd7da471150a2dc859fc98f92e30b244d65ab9520ba19a
1628,benign,wgsheng_251125_tile_13_30_0_conf0.75.png,4,Benign,5,7102,bd830d8c3b8070276c5235863ef4fd099de7a5d3f90d83def834e5cf265299bf
1629,benign,wgsheng_251125_tile_17_17_2_conf0.71.png,4,Benign,5,4053,6e55b97e517adbba7b2c856361fcaca027fa1150079975fa33ab0c7ce176f261
1630,benign,wgsheng_251125_tile_17_4_11_conf0.61.png,4,Benign,5,5107,e6fb4f69410868b8c148d646838dc144c43033ccac7b1c83d214d88dcc4b5344
1631,benign,wgsheng_251125_tile_18_24_0_conf0.74.png,4,Benign,5,7187,277ff7835156ec2c0a56b6333a42aa745e8e37d3d4d65cc63b74269813180f27
1632,benign,wgsheng_251125_tile_21_17_11_conf0.68.png,4,Benign,5,6193,1ae2f9d70741cc97ed5f056d607f153d7a5a59390d18542fe7e0728c2eba933f
1633,benign,wgsheng_251125_tile_33_32_5_conf0.59.png,4,Benign,5,7156,d35cc0cef3783fa012a4620647c7f93773d698d8d632f27cd15c6749be340bf5
1634,benign,wgsheng_251125_tile_36_33_10_conf0.53.png,4,Benign,5,4940,cc62bf0e3e0436b41bffca2abd5755367cf45f1efac109cf09373e100875f3fc
1635,benign,wgsheng_251125_tile_36_33_14_conf0.42.png,4,Benign,5,5483,785731db738ecb1533d7bd895768cf6e80c4e967aeebcf76c8db9f5c797a35e3
1636,benign,wgsheng_251125_tile_45_32_2_conf0.67.png,4,Benign,5,5369,e20ae0e6a9e1acb22c9bf6eb3d1c0746709cf7f64360c849a9e348bfb0aec029
1637,benign,wgsheng_251125_tile_45_51_2_conf0.55.png,4,Benign,5,9163,20ff98560fa5dea942ec666e049fbd43ede0d514c351f15427154005e4f32c87
1638,benign,wgsheng_251125_tile_47_47_19_conf0.51.png,4,Benign,5,7119,e0f2df03a946de847d77388c0526db1c0ad8a87b63509dba0efed4081d08794e
1639,benign,wgsheng_251125_tile_48_25_2_conf0.47.png,4,Benign,5,4330,e9633ef243cfc8b08628dd785895b49c7743c2723a899b1ea3cad4288937fc08
1640,benign,wgsheng_251125_tile_48_42_2_conf0.66.png,4,Benign,7,6364,166e385a567a7f886801d514d91ab3b546510fb12a6486b24eff8d8cfaab46e4
1641,benign,wgsheng_251125_tile_48_57_9_conf0.47.png,4,Benign,5,10155,4d47e23482de4d007c4122c691867fddc615ec9afd44dce6840693dd77d083bc
1642,benign,wgsheng_251125_tile_4_5_4_conf0.49.png,4,Benign,7,8977,f4a0365c713c2a771f3cf4c7e392c5ea6d7939ed7aa7fed8d9f5d85a89f3ae47
1643,benign,wgsheng_251125_tile_53_36_1_conf0.76.png,4,Benign,5,5263,83665593a40804b67f2f1f55b77dc081e8828e7761f945b1860aa575c0542ed3
1644,benign,wgsheng_251125_tile_5_7_3_conf0.66.png,4,Benign,5,6771,5f6d35ef3f585e8cbec68d094c37c366fcc95702eee519cbac679afce330f5d9
1645,benign,wgsheng_251125_tile_61_55_12_conf0.61.png,4,Benign,5,10763,252cbb4f619f6f8d8793e17485e333c320cffdad76f63a3ee1fe58e570e7d99e
1646,benign,wgsheng_251125_tile_64_36_2_conf0.59.png,4,Benign,5,5207,f3a2b1d8b4345068b131f986c365ca7346f76ba4fd69dbc740b510fcdf532a75
1647,benign,wgsheng_251125_tile_64_48_13_conf0.46.png,4,Benign,5,7570,17e4f591b3af6a9492b079d1a8452935829bd911dcc8225f8efee47ae58371ed
1648,benign,wgsheng_251125_tile_64_50_1_conf0.82.png,4,Benign,5,7888,af9ff46d1d838a11dd6563d503b9339daf29149dfc1f7bbed297ddd975fbad4c
1649,benign,wgsheng_251125_tile_65_45_6_conf0.50.png,4,Benign,5,6728,d877756f2b591a67fccea2d6f311647aacb2cec0be9828d69f49b4221b3d70d6
1650,benign,wgsheng_251125_tile_65_46_13_conf0.52.png,4,Benign,5,5650,eee497822a2378603dde23f5b932071cccffbd1d3e1cbb15f3e0fd449c20a380
1651,benign,wgsheng_251125_tile_79_49_1_conf0.61.png,4,Benign,7,9188,03f71b1ed4b2e5e704a02b6808c5b1a41e1bfc2afcf6549155dac4d3f14bc77e
1652,benign,wgsheng_251125_tile_84_17_11_conf0.69.png,4,Benign,5,7699,6565ab28774c35ad755ffc90289b5b9200c4d3e9f6543a95f8406a2694937f7a
1653,benign,wgsheng_251125_tile_84_19_0_conf0.81.png,4,Benign,5,6565,fbe12e39b248de4d582a08a32a10b736c2d9dc55d72f065fea8b2391c96d1ea0
1654,benign,wgsheng_251125_tile_90_7_4_conf0.64.png,4,Benign,5,6965,5b1437d05b66bcbe9f9233b15bfb9719b4d975676bafc1049062fa07420baf31
1655,benign,wgsheng_251125_tile_91_14_1_conf0.65.png,4,Benign,5,7231,fbcb52d0aad60ce1d87096c34ae1a8a757ef4cb63b3deec2fcad7af8c43cb191
1656,benign,wgsheng_251125_tile_91_4_5_conf0.46.png,4,Benign,5,10651,3bd047203edde8ac3d04b887bbf8525e34f8470829b8b067c4f275ff70d7a34d
1657,benign,wgsheng_251125_tile_95_3_5_conf0.56.png,4,Benign,5,8844,a3f81921e9bf95662aefa452363548ff3c26a3202ecbe88f6ed33178ef217e55
1658,benign,xwju_251125_tile_10_25_1_conf0.84.png,4,Benign,9,19805,afe5f352bad14c53551ad41a6cded7cd87b255f73a4f883bb982474dbcfd1ad5
1659,benign,xwju_251125_tile_10_37_6_conf0.45.png,4,Benign,2,7046,c9e39f3f6508ef887968b9e85683ce6bd2d87ef4c3ab04bb7e113d1d3592e988
1660,benign,xwju_251125_tile_11_27_0_conf0.86.png,4,Benign,2,9181,03d89f18ec854db11aea0caea3bc149c57d0a4c75b20f85a0431ff96b8af3696
1661,benign,xwju_251125_tile_11_30_7_conf0.49.png,4,Benign,2,7411,c11374dde86fb7e57890185baeb85c2dff8ff6571afa1b5df89875da98dff13e
1662,benign,xwju_251125_tile_11_31_1_conf0.78.png,4,Benign,9,32646,6293fb85cb24b1e4560fa08f7f5d5f0e215d41d74d08955e4de9914436b17129
1663,benign,xwju_251125_tile_12_15_1_conf0.52.png,4,Benign,2,6901,2a929b9f1d3d3cc5848016b085bd76736a2a1c29419800a1b95f2d118ab9263e
1664,benign,xwju_251125_tile_12_22_7_conf0.41.png,4,Benign,9,46748,d99c103cea734c1ae391fffcdf0c56203b013a5daa3af6b16e5c140fed26cc65
1665,benign,xwju_251125_tile_12_25_3_conf0.72.png,4,Benign,2,7282,ec82e2c74c4efce688218098ab45b75efb8df94c7df3600dbe934de9e6c4c1fd
1666,benign,xwju_251125_tile_12_35_1_conf0.79.png,4,Benign,9,25681,9f3c356e0326d0ff55ebf0dc1ace05a3e282256b7eb06c8b160106c1d1790773
1667,benign,xwju_251125_tile_12_35_6_conf0.47.png,4,Benign,9,50310,22cf56c09074f93036735f636654b8dc44bf4bfb4f3beba01e246b007e1e203f
1668,benign,xwju_251125_tile_12_37_2_conf0.75.png,4,Benign,9,21924,01b94c4890e7b573923c97c2848185d5b313ea1909846857cfc1e6ed1b5443ab
1669,benign,xwju_251125_tile_13_6_1_conf0.46.png,4,Benign,2,8047,36e3ca89f65a5fb2dc66c3effcab3184c376973b16708169f05adf3b8d2c5c73
1670,benign,xwju_251125_tile_13_7_7_conf0.52.png,4,Benign,2,7369,f090f254c7ac808d92b1f6cb3505aae9089c731e81b9456798cdbad64970352b
1671,benign,xwju_251125_tile_14_13_4_conf0.46.png,4,Benign,6,78402,50cc422a1455c07cd3c31fcde02a4f801d37da615199dfcb8491030c128f407f
1672,benign,xwju_251125_tile_14_16_2_conf0.60.png,4,Benign,2,17627,de30b4f8b4fd06fdc5be3c14145a8fc8bd1cda45664478a4c4bb7f18bd7654b1
1673,benign,xwju_251125_tile_14_17_1_conf0.84.png,4,Benign,9,18924,6db220cde5d159b381acc6cffaf27e231169844cc04bf4b3724c58fac0198c9d
1674,benign,xwju_251125_tile_15_23_0_conf0.80.png,4,Benign,9,48935,f15a859d1b3b6a667cfab3cdfd7a344d33b3c62ebf923b8dc57c4c285b51bd97
1675,benign,xwju_251125_tile_15_29_0_conf0.65.png,4,Benign,1,26652,94277e31cc4e006c785f1b0247023265505fc3825f5769b5f2ab32bec7a9d242
1676,benign,xwju_251125_tile_15_30_0_conf0.80.png,4,Benign,9,40730,43236c657d819430fdb4b70786890843d0f5781f7bbcb8b31e6685de412f0585
1677,benign,xwju_251125_tile_15_32_4_conf0.43.png,4,Benign,6,40650,9602fe51076d69ca159fc03053bff1d66b041020d2ee497d5315ef537b33b0b8
1678,benign,xwju_251125_tile_16_7_0_conf0.88.png,4,Benign,1,35318,c32c7660bd1c05f7b039b3e179e4a861e3740cb62c928c1ecc2416f582ad427c
1679,benign,xwju_251125_tile_17_20_3_conf0.82.png,4,Benign,9,27843,051f66e5fd1e816eb4087794a9346152155fa56e150c10e911ad8b8a56803d7b
1680,benign,xwju_251125_tile_17_32_2_conf0.80.png,4,Benign,9,20824,697a374d9ae065a3f86013c3bd475b790d59be4337e046050cf7f02063051549
1681,benign,xwju_251125_tile_18_37_2_conf0.72.png,4,Benign,9,25942,ead300e1f4693661cc45a05cbd8ae5bff05e670ac876e93b08d808a091074b1b
1682,benign,xwju_251125_tile_19_38_2_conf0.75.png,4,Benign,6,184463,c7992a6af7450b9b68114b69746421d2a45a5dfb13eebeaae586159e620dfbfc
1683,benign,xwju_251125_tile_20_5_0_conf0.89.png,4,Benign,6,84801,30f7ddcf61e51bb8d1a148539feac5555ff12d3e4ea84b7571439c0954221bc3
1684,benign,xwju_251125_tile_21_44_0_conf0.74.png,4,Benign,2,29374,809176692e4b860a00afc36a16845b88affcfe1f7d28052494099bb257ee6a46
1685,benign,xwju_251125_tile_22_10_1_conf0.77.png,4,Benign,1,33553,614fd766f7b3d606b0c91fb6949f29577e98b04d71162b115746a3d2b626731a
1686,benign,xwju_251125_tile_22_16_1_conf0.68.png,4,Benign,2,6639,7032bd7596adcd9af2f21eb69cdd2e55cfdc7d8de9f65f3b9ec93dfb934160de
1687,benign,xwju_251125_tile_22_20_0_conf0.80.png,4,Benign,9,30601,665a380f1c4d372c70d56030d174db9c081cd9ec60163733062f9206d850669a
1688,benign,xwju_251125_tile_22_21_0_conf0.87.png,4,Benign,2,11893,bd9af2ab323676ff228f1749439d88f507eb009b24e3dc32bed54f701642244f
1689,benign,xwju_251125_tile_22_25_3_conf0.86.png,4,Benign,9,19984,0d774b2d0a86e752ca64d25859e32b7ee028e943a46cfc9bbb083acbc986b524
1690,benign,xwju_251125_tile_22_2_0_conf0.84.png,4,Benign,9,23748,6bed0979b840a52c6db684565f34ab3b06becd05d04a8c10caff255947b9d9c8
1691,benign,xwju_251125_tile_22_38_2_conf0.80.png,4,Benign,2,6054,86a26c8140fd7f65eaf6ec2f2ceb5c2d47ced74f975558f941aa55cf7f6429f7
1692,benign,xwju_251125_tile_22_39_6_conf0.45.png,4,Benign,2,5953,4371a7a36aa951095c1ab4e4e294b31b7cb928cde993b564e0b6a12ee6d0472a
1693,benign,xwju_251125_tile_22_41_4_conf0.62.png,4,Benign,2,7277,09c94307339a06862854045d8fa7c24a9e5345db7cc7c655cc7aca936a89220a
1694,benign,xwju_251125_tile_22_42_1_conf0.71.png,4,Benign,1,27595,5d6e3b6c602ad80273f119b77be5b9859b5f16f8139e80a204bb5751c5ff9d96
1695,benign,xwju_251125_tile_22_4_0_conf0.82.png,4,Benign,6,135796,918d65aa1df8178972409ce43cb684a43649e1583c2dcb2237eb6b2020d2a766
1696,benign,xwju_251125_tile_22_7_1_conf0.83.png,4,Benign,6,118435,b7dea7f3feabbff778851ab9c447da876dff63202289b9bec5a92a01fd5e289a
1697,benign,xwju_251125_tile_22_8_0_conf0.86.png,4,Benign,6,115780,3892ff5c2f2949ea6b4821f2e5785839f80ac42bb67098706f72b8d4ea6259d4
1698,benign,xwju_251125_tile_23_14_4_conf0.58.png,4,Benign,2,7727,b0d7c09a5799ea8dfb9aee356e9a3e291274f68f2f9d6e446aab05b43935c5eb
1699,benign,xwju_251125_tile_23_16_0_conf0.78.png,4,Benign,2,7923,53822755f0e3ed18e9415a9eef11e0123f371cc04b162d7080076b650f6cd9c2
1700,benign,xwju_251125_tile_23_16_2_conf0.62.png,4,Benign,2,7717,987f4981a2ad01bd63573d7b0acd7594889a6956ca016eb0eec1fd969c04db4b
1701,benign,xwju_251125_tile_23_34_1_conf0.58.png,4,Benign,2,6953,19ce4b932e9390963772088956cd9442060c9a7eded648d1095ff9de586ac124
1702,benign,xwju_251125_tile_23_37_5_conf0.57.png,4,Benign,2,6067,03be085f26feec10dc76ffdc9ca4f0339a743cd7740c47593594be05a629541b
1703,benign,xwju_251125_tile_23_4_0_conf0.82.png,4,Benign,1,50229,061ac8bf8e9f41316012f09e71cd83e850354e429a61ef4bb6b8bab0ea0d3ee2
1704,benign,xwju_251125_tile_24_17_1_conf0.87.png,4,Benign,6,113934,28a48b59c98be88c2d7e3febe6bd712005988d10d164e5cb4f0db2b089b9748a
1705,benign,xwju_251125_tile_24_7_0_conf0.87.png,4,Benign,6,79789,734af9428f0aa173edac45fbdccfddeed272472256264ae24f055f1cea42c023
1706,benign,xwju_251125_tile_25_13_5_conf0.66.png,4,Benign,2,9120,fbf66b3973e24cd807c055b4067216af1bfa757883d66a76096ea6faa7a6f16c
1707,benign,xwju_251125_tile_25_19_0_conf0.81.png,4,Benign,6,57600,e4856d860899ee419f156be983e69c0934fd1a1986529ab9a5972a32ec579f93
1708,benign,xwju_251125_tile_25_36_2_conf0.85.png,4,Benign,6,97809,f99e54066c6b2d5252505493892390629d80001b1434bc8d3cda294dc086914e
1709,benign,xwju_251125_tile_25_38_5_conf0.66.png,4,Benign,6,81352,8f8685263af565dcbf30b1efae5e8dc4227657c32cfb3adb7965789d8847540b
1710,benign,xwju_251125_tile_25_40_0_conf0.87.png,4,Benign,9,34312,7b04b010913134aedb6879f845e471d720146adb59979e811421961b2d9eb1cc
1711,benign,xwju_251125_tile_25_42_1_conf0.76.png,4,Benign,6,69751,d280ad8f79eae7b4c63e8918ba864527d8e08d34749e12b520758da0d3bc66e6
1712,benign,xwju_251125_tile_26_16_1_conf0.80.png,4,Benign,2,9787,2b99ef5d637f84f227d4ac23ab13976a11e1aeba4acad8acb3bd32875d448a3b
1713,benign,xwju_251125_tile_26_21_0_conf0.73.png,4,Benign,2,7957,ef2f92dda84fd16f7cfa171855f7ec7b8c9fb975ee6ead6797b0b1f1f88e0ea0
1714,benign,xwju_251125_tile_26_27_1_conf0.40.png,4,Benign,2,7460,c227e411b92293ecd825bd62e081ed827a57260fc7a9404566b1b664b62e284a
1715,benign,xwju_251125_tile_26_36_3_conf0.54.png,4,Benign,3,10818,90a065541fe9cdd0d483d4e457d0bf60ca80b496e601889b9be925b167418cc0
1716,benign,xwju_251125_tile_26_38_2_conf0.80.png,4,Benign,2,6947,e3365af5761abaf0c64d804935b2f2c4336969bfbe0066d67df825f45383c64c
1717,benign,xwju_251125_tile_27_25_0_conf0.87.png,4,Benign,6,105366,bfbe740688436945a4d18a627a4257394217e4b5173f28cd0e94fc8b9b3c08c5
1718,benign,xwju_251125_tile_27_5_2_conf0.78.png,4,Benign,2,9753,fe05ff5696c03eaacd983ecb1d183e2ce92011f97cfc11eff8dfc2e098c32998
1719,benign,xwju_251125_tile_27_6_4_conf0.47.png,4,Benign,2,10372,a7dd0b31a1047682fcb51680531a2e1aa71367390be9d00d9a88f6ac38c21d28
1720,benign,xwju_251125_tile_28_14_4_conf0.65.png,4,Benign,2,9341,5e59737a24338389d5434f2fa574daf6865b31e3941e3113b9d4ed7bfc8ca2c6
1721,benign,xwju_251125_tile_28_15_1_conf0.63.png,4,Benign,2,8190,d56e60df16e25ff1157e2b38b66be56c74af6180e9ca1e806cb9c4b9e0470cf2
1722,benign,xwju_251125_tile_28_25_0_conf0.91.png,4,Benign,6,81322,a52b5497fd3375ec33dae5b44b9ed447dbbeef02a3c9df4440c8e66c75b17ab6
1723,benign,xwju_251125_tile_28_32_0_conf0.86.png,4,Benign,6,133284,b9c6d9df5ae140b0036785b15e55e61fc69b78c42916d726f14d9d83b74d5471
1724,benign,xwju_251125_tile_29_32_1_conf0.85.png,4,Benign,9,27872,eb9407a50d962b46c97ba0afcc1193bc115878dd806b85683342dc81547b541e
1725,benign,xwju_251125_tile_33_19_1_conf0.86.png,4,Benign,3,8911,22d38dce7c0854166bec05a1efcf451038f4ac5aab1633ba48906eb3aab10abc
1726,benign,xwju_251125_tile_35_20_1_conf0.81.png,4,Benign,9,25799,4b97ca487f8a0fb3794f24a2c4cc706fbffcb9631711f4723a6393bcf0bcead4
1727,benign,xwju_251125_tile_37_22_2_conf0.71.png,4,Benign,6,78013,e2b55e2eb19462829ac2b52ebd2da1b2039e7456004f6e981fe187404fe8a1d2
1728,benign,xwju_251125_tile_38_15_1_conf0.88.png,4,Benign,6,102872,2eec770d12e34d8ee44b5ff3f5cbf58eeb53c098c0f49d30f886f64af84001e2
1729,benign,xwju_251125_tile_3_19_1_conf0.58.png,4,Benign,2,9492,8ce66e0adedecd1183d1930169db2b066394bf1bdaf66c6e0a1a1035e0b6cdac
1730,benign,xwju_251125_tile_40_27_1_conf0.65.png,4,Benign,2,7658,3f983658e21e7ecc6b668998241cb24b298ffd366c9e170c5fdce2c559a82def
1731,benign,xwju_251125_tile_41_18_2_conf0.82.png,4,Benign,3,16288,893a8786c245b2cb139d75bdd5e353b92ba3d5f168fff602ff3a737a9d855006
1732,benign,xwju_251125_tile_5_28_3_conf0.47.png,4,Benign,2,7235,6c9dd619d42f8ab75f6995d2f4988872d5a7971aa527a705ee63b6392ed35680
1733,benign,xwju_251125_tile_6_17_3_conf0.44.png,4,Benign,2,7258,a6a0da36359541dbf8839dc1e548ba9ae0cf2fcfb4bdb95777f3784790380553
1734,benign,xwju_251125_tile_6_26_3_conf0.68.png,4,Benign,2,7277,473b7a6ef45b8364be8e3d8d42a29bd7909994e1309db24d0e1af09fe9dfef14
1735,benign,xwju_251125_tile_6_28_1_conf0.78.png,4,Benign,2,6500,bf93adf29b22ba5b21c58c65a80dc22f96e1782cd5c470473ee2aee755d666c5
1736,benign,xwju_251125_tile_6_28_2_conf0.78.png,4,Benign,2,7339,9bc24d5451607d424bfdd6a2fbe6537d171dc1da82138d1b458f7bf93dd8fd02
1737,benign,xwju_251125_tile_6_30_7_conf0.54.png,4,Benign,2,5738,68ba8b4e9039236820b847d2eda07ab28e5ded627520e46f3d070d1a7edbd747
1738,benign,xwju_251125_tile_7_17_10_conf0.41.png,4,Benign,3,4540,ee1e5c1ec78b45e77d196f7974975d313090b33f925fac27c239e4c2b4bbb3b8
1739,benign,xwju_251125_tile_8_10_0_conf0.54.png,4,Benign,2,6636,4e73ad31c10283e497127512ebbb5c73e8fc487e21a965429697b1a9fda4d470
1740,benign,xwju_251125_tile_9_10_0_conf0.75.png,4,Benign,2,19353,306bc8e40cf9f6657505239c38ec3fcccaa6b6c08296e4257f9ec66c0e77db1b
1741,benign,xzxiong_251125_tile_10_31_1_conf0.84.png,4,Benign,7,11377,0f288c548879ea5740f285dccc745e1e4374b1c1af717b2d5cc1c296cf944c6b
1742,benign,xzxiong_251125_tile_10_34_1_conf0.76.png,4,Benign,7,12432,fc374af60231543aa2550aab4a1bb0442b868dba7c1c516a25e11ad829f9fed6
1743,benign,xzxiong_251125_tile_10_36_1_conf0.43.png,4,Benign,1,15342,fa5bc30005977783cde0d1556f5db831437b17d2c912c779e9972d1c0804f08e
1744,benign,xzxiong_251125_tile_11_20_0_conf0.90.png,4,Benign,7,11165,71a5d29ea705c0e98e1c15c03377b4a0bf0b35d36cfbbfbb346f28667e85cbf0
1745,benign,xzxiong_251125_tile_11_30_3_conf0.49.png,4,Benign,2,17541,55ee602b142a233845486eb96ce78d925c5850a93298206d871bb932d0421c26
1746,benign,xzxiong_251125_tile_11_32_0_conf0.71.png,4,Benign,7,15714,4e4aa4911319a259870a9ce847ac11f313f3d68382011e5acb8ca65c08857982
1747,benign,xzxiong_251125_tile_12_23_3_conf0.80.png,4,Benign,7,15473,6ce241105772ae3e52ce04cb8e6b87ddcfe50e30f09ac7c68b0cbcc787bc89a3
1748,benign,xzxiong_251125_tile_12_25_0_conf0.90.png,4,Benign,7,11821,9a57bd44403c812182c5a1a4407b9f62997325f3e6138ffbc5edfa2e7fdf2fbe
1749,benign,xzxiong_251125_tile_12_30_4_conf0.56.png,4,Benign,2,15378,f7a7eb3840f8f4cd3ce5148648ac9fe174d998da02deb649c0dc0b6df3fe36f1
1750,benign,xzxiong_251125_tile_14_29_9_conf0.43.png,4,Benign,5,5251,873cd1091f74dd2fa3a1654f1421d3bac7e47cee28ccdaaba2d1c2ed27280fb0
1751,benign,xzxiong_251125_tile_15_35_4_conf0.79.png,4,Benign,2,5853,65203a7991b23add236abb96e0ec7916b3bdb70126a2a30ea2405e51aeb83304
1752,benign,xzxiong_251125_tile_15_43_0_conf0.79.png,4,Benign,2,12313,ec983f95d01f4e7415abf91f64d651d30dfc737ee458d3dff8ef448c02984c1b
1753,benign,xzxiong_251125_tile_15_43_1_conf0.51.png,4,Benign,2,12961,e123676f2290c0a34b6285b2cb9073993e6802547ed2594a739b2063dd22178f
1754,benign,xzxiong_251125_tile_16_15_2_conf0.71.png,4,Benign,5,12005,14ab546be109cf83ed6ea2b9d43d692e44a7397e6c437ce3d17f26e528928171
1755,benign,xzxiong_251125_tile_18_37_0_conf0.90.png,4,Benign,3,9362,d2bfd4b702b9f7c6e4ccc8a848fcab27770660a7251fee43a2461e8fd4d52348
1756,benign,xzxiong_251125_tile_20_43_1_conf0.82.png,4,Benign,3,10963,455714812c50e6353001e570866e65bda3143d147a57de128c10666cfc7482ee
1757,benign,xzxiong_251125_tile_21_29_1_conf0.74.png,4,Benign,2,17780,68e766290f9ad460cbfd116da1f067fcc5768804c9a2bcfaf96bbf765db870aa
1758,benign,xzxiong_251125_tile_21_38_1_conf0.79.png,4,Benign,2,13501,8e7c5eada37efa8d1f231104caafebce04efaf086e09ca8567564ae34d343649
1759,benign,xzxiong_251125_tile_21_40_2_conf0.81.png,4,Benign,7,14481,1863194464f734dd7d2dbe064e5ef5615c4524b98db9b8ed68f815c30bfbcb31
1760,benign,xzxiong_251125_tile_21_41_0_conf0.87.png,4,Benign,2,11481,0ff348e0688bb6d043828aeb5f14ddefd565b0fd4450c0c11b519913a921c319
1761,benign,xzxiong_251125_tile_21_42_2_conf0.50.png,4,Benign,7,13038,35467a725eb318eeb0edbb95ef7965af6961988ea82789657f9bf8e42a14e033
1762,benign,xzxiong_251125_tile_21_44_0_conf0.86.png,4,Benign,7,14100,78ddb1cba09029830b7d67f89fbe637152a5b09b6981d7ecd3fd5b3d96c31abe
1763,benign,xzxiong_251125_tile_21_45_2_conf0.81.png,4,Benign,2,13856,c9116bc5f2ae0d0d4148d2eaf68f09c37d479fafa927f09dba999d01e200cb0a
1764,benign,xzxiong_251125_tile_21_46_1_conf0.82.png,4,Benign,2,12840,26664720985d98eeb16a28d5512fa21ea7df53d4cc8d5fb0e181b4443968edcd
1765,benign,xzxiong_251125_tile_22_38_2_conf0.72.png,4,Benign,3,11807,18fff0e1be0e02cf59865ec8fc4897a464d4232f2c8dc9ae78662c9347895cf4
1766,benign,xzxiong_251125_tile_22_44_4_conf0.69.png,4,Benign,7,11629,746e7787c5a33e61002220d3fd15b4b7da01e5e4027070e4e2cce0fef460c5ab
1767,benign,xzxiong_251125_tile_22_46_3_conf0.78.png,4,Benign,3,11963,8ab897f3c16de09be5ed5a15fe4034c4af93fd3b70c299e8ef07a8671a8a6ce7
1768,benign,xzxiong_251125_tile_23_27_1_conf0.78.png,4,Benign,2,12961,fe20a2a4664fb14716d0c07e4ed8f5feb74be61308654869cb053457e6ff725a
1769,benign,xzxiong_251125_tile_23_28_0_conf0.82.png,4,Benign,7,14447,0c6f4d9add2d3b7445a2ff9ca8f1f4a737cc06385095f0c3dc7cbd695f9acd3b
1770,benign,xzxiong_251125_tile_23_44_0_conf0.85.png,4,Benign,7,13648,3734261f064a0686a136d5946ef3dbc2da635db1bd6bc8f5a784fb69410e1e54
1771,benign,xzxiong_251125_tile_23_47_2_conf0.86.png,4,Benign,2,8404,ab5a587b27c126f14f5ab967dcccad6f4a4f7917e9a7082d707f94f095d9d03a
1772,benign,xzxiong_251125_tile_25_12_3_conf0.46.png,4,Benign,3,11929,6f515c37098351eb4c92141ba58b716f4b0fe0d7ff9240ed0c18eea6c2852967
1773,benign,xzxiong_251125_tile_26_37_0_conf0.89.png,4,Benign,6,106217,7351c0cd402cd4b9266a25d4e7a648122126225ee511a328cd56dac95c0f1feb
1774,benign,xzxiong_251125_tile_26_42_3_conf0.84.png,4,Benign,3,9283,1749e54dc5a4f26accfaee4a9c5d496f0d451daa3373d5f82b7a0a200ea73f5c
1775,benign,xzxiong_251125_tile_26_47_1_conf0.78.png,4,Benign,2,7546,807bf655397ff8d569818911f2754303a0d9aced2c610d25648760cac2839611
1776,benign,xzxiong_251125_tile_27_14_3_conf0.73.png,4,Benign,3,7782,7c33a0fe65c763d274315495de5a9ca03baaba9c88e1e8a6a2d5e90c1e901a9c
1777,benign,xzxiong_251125_tile_28_10_0_conf0.84.png,4,Benign,2,12976,c154034ccadeb5f21252f46c8babc13a5d4b9f598b290fcb22df1d8a59afdf4d
1778,benign,xzxiong_251125_tile_28_12_0_conf0.83.png,4,Benign,3,9770,7a055e39ca1ac7a5facde20c600e5238ff4b25dc414fc806c62bcb87857643bf
1779,benign,xzxiong_251125_tile_28_14_0_conf0.86.png,4,Benign,2,11511,5bf1295b21642d1e225848aba4b0fa8a0fe8d8282bac9c1b83cf58c7bd8a866d
1780,benign,xzxiong_251125_tile_28_22_0_conf0.84.png,4,Benign,7,17320,949e18694fb927bdb465c0886845a1889cd0791aadfe4dfa15b7a562974f449f
1781,benign,xzxiong_251125_tile_29_18_3_conf0.54.png,4,Benign,2,14029,41d09c7fb1e09c589fc78aa3a8eeb8821b208d7b7a8b49dbd345ec12ef586926
1782,benign,xzxiong_251125_tile_29_29_4_conf0.54.png,4,Benign,3,10455,15c5caadfb2b5b33dddf518374191254889edc0d6fda1561c3a5ff0972ba3e17
1783,benign,xzxiong_251125_tile_29_32_1_conf0.84.png,4,Benign,2,11808,b62bb968e78a666b51f4f8ed8861a4e11ec64e26fa0a2041afd2177e9b765463
1784,benign,xzxiong_251125_tile_29_36_2_conf0.64.png,4,Benign,3,12558,15dd93aded80d35941de574bdf9f00d932107205463466eb9bcb1087112f11ce
1785,benign,xzxiong_251125_tile_30_33_2_conf0.77.png,4,Benign,3,6735,72d67def2250eb872affa4f22ecd4d48bd7fa61b47615d18b844dcd268515f39
1786,benign,xzxiong_251125_tile_31_10_1_conf0.70.png,4,Benign,2,14008,44db135df4af7b5aaef85cc71d493efc13fef10d1914db57cf58a537796e39bb
1787,benign,xzxiong_251125_tile_32_32_4_conf0.69.png,4,Benign,2,6302,5b49c762e3bfea04bbeb90ddb7a0b8e5482d558144ecb5b37c32f728f920c15a
1788,benign,xzxiong_251125_tile_35_45_1_conf0.82.png,4,Benign,2,11445,94183783f1e06b815606cd7c61ded021c29b043e5685c296ddf3bb1c3dfb8b37
1789,benign,xzxiong_251125_tile_36_36_5_conf0.53.png,4,Benign,3,13300,6f468fbc2b04a4d4d67285e22655b092e640a90801eefc24a4e0cd880ecadf47
1790,benign,xzxiong_251125_tile_36_37_1_conf0.56.png,4,Benign,2,12358,f36c33c583dad6245377c46debdad819f8114a63ffe487ab1b4cf13bd44b2c6c
1791,benign,xzxiong_251125_tile_36_38_3_conf0.72.png,4,Benign,2,12089,efa717249e9f6bdf1a9b3c6930d6b3a8295b8b0b0a0cf8e7427786f76253da32
1792,benign,xzxiong_251125_tile_36_38_4_conf0.66.png,4,Benign,2,11272,26164a9a8b275de317bf3a4cbec58f5486178a79219a92bf2160af6899ec68b9
1793,benign,xzxiong_251125_tile_37_40_1_conf0.80.png,4,Benign,2,15147,133384f9d751255644ea758775cc9128ce67ec007a686d2bf504f5a25c2b3df6
1794,benign,xzxiong_251125_tile_8_28_0_conf0.84.png,4,Benign,5,10746,907da22d402d50414a0ab8d56c82067db11e1e27cb5c9b23d418b85322031a7f
1795,benign,xzxiong_251125_tile_9_27_3_conf0.46.png,4,Benign,2,13818,e991b100a20b2efd3a3d5afcb55534a2236e08eabe53d0fe66a68cb320ed12b6
1796,benign,xzying_251125_tile_15_38_0_conf0.56.png,4,Benign,3,5573,00e792a0dda1af19e56a7ecb5d30771001fa29a5652166c67216e2b3a73aceeb
1797,benign,xzying_251125_tile_44_33_0_conf0.79.png,4,Benign,2,6395,020113cc8f3f09568f02dfbd16c1fea61e8a870a89e1172770ee8d32a324ead4
1798,benign,xzying_tile_11_24_0_conf0.71.png,4,Benign,3,16612,370cb5b75ee1afe04fcfdef771342f24a84e8cef18c49baa1b803ac8d3a036f3
1799,benign,xzying_tile_12_26_0_conf0.82.png,4,Benign,1,17520,80651f6040657a2f19260a8ddd00f6cc66067e194e1c76fd5a0cb169f5c5358f
1800,benign,xzying_tile_14_21_0_conf0.91.png,4,Benign,3,15252,f02ca569bb5cc1111366bbaaeb346298ea0ba919302d4513340d0f5bbfc45c34
1801,benign,xzying_tile_14_32_0_conf0.84.png,4,Benign,9,34377,69b15dc2b5f9504520138b9ceb6014b46b6548bcaada990de166752c4e561613
1802,benign,xzying_tile_14_34_0_conf0.78.png,4,Benign,9,16151,dd3e3900b3b92d4985455cb38f78e0a8bb5f05e10023e532ab276c3de9c192b4
1803,benign,xzying_tile_17_20_0_conf0.79.png,4,Benign,2,6841,34794b984799d38ca368f4624ddd56e69475a114625d07b50b78496d03cc7e20
1804,benign,xzying_tile_17_20_1_conf0.78.png,4,Benign,1,36205,a9505d6eba6cc789dff527a3a3a2e05db3f97ff3db897d8d4689006528261119
1805,benign,xzying_tile_18_10_0_conf0.82.png,4,Benign,2,19134,d7bf92aceed0efb1cec0ee3adb2ca8a59c5c610b79ef9d3c81c78518dc13dedc
1806,benign,xzying_tile_18_13_0_conf0.78.png,4,Benign,3,10897,94fcc166d5bd5489bd92643f2aa293943972966fb3ebe440ff305bc4f703a853
1807,benign,xzying_tile_22_13_0_conf0.83.png,4,Benign,2,14157,a911b5ba74b274b8406b119e9d813514dc01f45441853862e410e7c7f9ec7d86
1808,benign,xzying_tile_24_35_1_conf0.53.png,4,Benign,2,8415,47c31a2f878a37e2f02901ae2fbeadd9b9a3dbe4182209a7a291aa47ccbbffaa
1809,benign,xzying_tile_25_18_0_conf0.82.png,4,Benign,3,7475,5b3acbf2f08f15fc6d99546a0acda9e82234cd316958f25c4442f01c8471d8e2
1810,benign,ygu_251125_tile_10_25_2_conf0.85.png,4,Benign,9,16572,0a0630c50aba21026133f6a22b18faabfc6683e6eeaf179f5eb253f894a9f6a2
1811,benign,ygu_251125_tile_13_22_0_conf0.91.png,4,Benign,9,53259,7cfca1cd7456522e1cde93adfd7d383795c5ee03fdf5e606e44412ada40c9211
1812,benign,ygu_251125_tile_16_38_0_conf0.92.png,4,Benign,2,13119,5111ee4874565e6475887650f836cff8ed97ae77e2af8373d66f71a1d24103c3
1813,benign,ygu_251125_tile_16_41_0_conf0.91.png,4,Benign,2,9241,7347623ef21f7b47b5e80c4ae7873641bb5df7d314d437946cb7fba7aa7a693a
1814,benign,ygu_251125_tile_19_17_0_conf0.86.png,4,Benign,3,13523,7c1c63493c4535253d8ad2fd27942ba60630113f9750f2548076f0e109f662ac
1815,benign,ygu_251125_tile_19_44_1_conf0.80.png,4,Benign,9,21927,fc7e5398edf0a1f9f9a563a1264f5ff0c1d4ef2a4c672751459fff3ce595a12c
1816,benign,ygu_251125_tile_20_11_0_conf0.91.png,4,Benign,4,11170,a535602edd5a3a53ee3ad1027ed8b5f09c0359ca48515cc12ec036dd0d420329
1817,benign,ygu_251125_tile_20_12_1_conf0.82.png,4,Benign,9,25263,9b6dbf53e741b8d3506336f4fc0b8bf236a93b1ab023f2326a8456a4be5289fe
1818,benign,ygu_251125_tile_20_33_0_conf0.84.png,4,Benign,9,36173,e3980733636fe7c5c056c9268f9466fcb17f4a92988a25995bd4d92eacde94a3
1819,benign,ygu_251125_tile_21_29_0_conf0.93.png,4,Benign,7,13749,1580e7a3af9e39379cad100fda0bb4ccca950dfb08eea8c8e23a697db3fefdaf
1820,benign,ygu_251125_tile_21_35_1_conf0.83.png,4,Benign,3,16912,e59130b1a06f64e18efd1c9fe468687470490ba17690f7d5d2aa189b5439822f
1821,benign,ygu_251125_tile_23_20_1_conf0.82.png,4,Benign,9,17358,47a2e52a86d6b9783387069c00ee8624739c9ba7105d35b8f28742d69c22a28d
1822,benign,ygu_251125_tile_23_20_4_conf0.68.png,4,Benign,3,18377,72167a7e83718b561efd69cdbf27d48dce6633005a4e96eb592f64902d67b1bc
1823,benign,ygu_251125_tile_26_16_0_conf0.84.png,4,Benign,3,16951,5a5f41ebeaec97d81fc6b3abb9f8a666304ad6e6027279c62885d6638525b981
1824,benign,ygu_251125_tile_26_21_0_conf0.72.png,4,Benign,1,31441,66d426324d6dd3703ea5fde2ba86e224ab2b635c86cada3311e66b50e41ee5a8
1825,benign,ygu_251125_tile_32_5_0_conf0.86.png,4,Benign,3,14967,d3f47c002fa7b56841220d5eada8bb782283ab26064d9c40d76d6003005cd220
1826,benign,ygu_251125_tile_33_40_0_conf0.90.png,4,Benign,9,60206,0db07707c54f749c812d1ab120e15917263783226e8370504ff812858d880284
1827,benign,ygu_251125_tile_43_30_0_conf0.87.png,4,Benign,6,102649,b6f09226f5a1218f6dec7c59210d0fa206d3d16e83590b75d9debf5218b3247e
1828,benign,ygu_251125_tile_45_19_0_conf0.84.png,4,Benign,6,150846,9ab67c5cd241ed3f87af97ef758c2513a57b7ac82a8a6e7ad9f8c21084e07b82
1829,benign,yjhua1_251125_tile_21_17_1_conf0.64.png,4,Benign,4,13748,e23dbedd150fdcf05df6719beca37b0d3abe73995db28336899149dd91892c74
1830,benign,yjhua1_251125_tile_23_19_2_conf0.50.png,4,Benign,5,10258,d888d05e415d89ff39377e0ad07e6796e7652630eb16bc3da30cb193502dc998
1831,benign,yjhua1_251125_tile_24_10_0_conf0.41.png,4,Benign,7,7886,2e1ff98d1c0c2f641b302189abf4919b50d1661fc36c78e31deb86545ca0b16d
1832,benign,yjhua1_251125_tile_26_18_4_conf0.48.png,4,Benign,4,16669,ca1a90ef20fd6b5ae41bc874c23fa115fd318735ef697908d6fc5f0ec4cf93fa
1833,benign,yjhua1_251125_tile_26_24_1_conf0.40.png,4,Benign,4,20279,777c7eab496d3ca23dacf5c529e957289141c6f773fe2e41f7ca694611f102a5
1834,benign,yjhua1_251125_tile_27_34_0_conf0.86.png,4,Benign,4,13205,038efe2a17197048334db2f7836fb9b0b21f76fd5eab13a2285719575e15ef7c
1835,benign,yjhua1_251125_tile_29_4_4_conf0.41.png,4,Benign,5,7605,d652515a1aaa3b394eccb1d5fc491f6e7a279a0900bb219328c7b6c8f67d7c90
1836,benign,yjhua1_251125_tile_34_24_1_conf0.46.png,4,Benign,1,34902,b6f2a03119bc4d441463d922dec6435f1493d2e10f665867140676fa33eb94e8
1837,benign,yjhua1_251125_tile_35_20_0_conf0.77.png,4,Benign,4,11768,8ff6a36d4b1efbe6828231de0a7ca53052866edd1e06205b96463625a146ae0f
1838,benign,yjhua1_tile_11_36_0_conf0.65.png,4,Benign,4,16567,2d77250d86044c165bc85b986d80792bedd8e7fb5ed0de56c7b3fb522529d848
1839,benign,yjhua1_tile_20_17_1_conf0.72.png,4,Benign,4,11713,d44df5e1cfa4f7e46382fce9cb7eac4dc26abcdcf46fed80220f57a07f61e761
1840,benign,yjhua1_tile_25_36_0_conf0.51.png,4,Benign,4,29708,6a44638004c922041146804ca5684fbe8f788091bbc2a08897ee84d5d9ef1005
1841,benign,yjhua1_tile_29_34_0_conf0.81.png,4,Benign,4,10186,b194ca3be719cf1f5d601e5589dd27b6ae9ab295f0438af5c89ed02be6c2cf68
1842,benign,yjhua1_tile_29_37_0_conf0.80.png,4,Benign,4,18542,eab9265daef3525e272a1f22b5f03de9e29273d0f408c0858a14455c946207fe
1843,benign,yjhua1_tile_3_19_0_conf0.80.png,4,Benign,5,12020,a66405fd90255fba855acc1a04b0229c8a44fe92f4cc11991c77b73896a5a220
1844,benign,yjhua1_tile_3_25_0_conf0.69.png,4,Benign,4,12228,7aef42f258d2d38759cae3ab5b07525f7147b12f59af584d12da76b8fd9fb3bc
1845,benign,yjhua1__tile_11_33_0_conf0.83.png,4,Benign,4,16797,ce0fca2a158d1774eee983b4fa8fe32dcd5ad3327e2e4cd5b9f96367dc8a739d
1846,benign,yshan_251125_tile_15_32_1_conf0.47.png,4,Benign,9,47670,e4b2c79d0df91af43a77d0c972b4266b046cc41c79b13d7d2d452ad6ddca0168
1847,benign,yshan_251125_tile_16_10_2_conf0.75.png,4,Benign,3,11786,5c64742113ce4b0e98edec53f64c1b83aff45350f00d3f740c6a3344d1833a93
1848,benign,yshan_251125_tile_16_13_2_conf0.73.png,4,Benign,3,14481,ddc72e5c99f1eef786868f3040ebae44d763e055f0938b1e24f34bcce172014f
1849,benign,yshan_251125_tile_16_16_0_conf0.82.png,4,Benign,3,11538,ddb8028357c091fb4398c90bddf38a11abb9d1a5c4995e859be9ab86203f68ca
1850,benign,yshan_251125_tile_16_8_0_conf0.85.png,4,Benign,7,11214,1b6fd0817060e919736aa4f5d993914a29ba51a0eca5b73484fdd810cb534814
1851,benign,yshan_251125_tile_16_8_1_conf0.83.png,4,Benign,3,12974,813126ba2bcba3faf3f9061a858b1573650d1723b61a93f12f59c59d8cf633da
1852,benign,yshan_251125_tile_20_38_0_conf0.80.png,4,Benign,3,10627,a9fef52651ff0b60d03000f77412462ce84c515881ca6731f21a05c6f5769101
1853,benign,yshan_251125_tile_23_29_0_conf0.69.png,4,Benign,1,37538,0cd8fcd9eedb0cebd76091c187d87971be934605b538e8c96ed833e91b2d1a82
1854,benign,yshan_251125_tile_24_34_3_conf0.58.png,4,Benign,7,14156,d91cb9cdcc436d6b1b2e92da9352e2e48ebe404cda0f42047da1324058f95c40
1855,benign,yshan_251125_tile_25_18_0_conf0.80.png,4,Benign,3,8490,7bbbc2722471a0c6692c091ce27ad23cdbe594d032463725b5ae0d2dd21db779
1856,benign,yshan_251125_tile_25_19_0_conf0.78.png,4,Benign,2,11239,d89697b8c42287df65cc9826c34856ec371639883a9348467890a098b8b5b97b
1857,benign,yshan_251125_tile_25_28_0_conf0.85.png,4,Benign,6,136860,505a7a8c36a9956117702a69395210660333baf346656787ca8c2c7980e78dea
1858,benign,yshan_251125_tile_25_6_5_conf0.56.png,4,Benign,6,95081,54ad326f2389c0572579c6a7a0ea4affd5548f9fa7a76e510f57ab8e3054c169
1859,benign,yshan_251125_tile_25_9_0_conf0.85.png,4,Benign,3,7262,5d50677c850b1d2987a808136c698e4ec11bfc3155a840b2e66c17904ce9c02c
1860,benign,yshan_251125_tile_32_33_1_conf0.80.png,4,Benign,3,6771,e360e25bbc2021da81c677a39eb2c0e49c06bc3dd79e0392a85b1210dcc7a352
1861,benign,yshan_251125_tile_34_19_1_conf0.80.png,4,Benign,9,13730,c931c5b3196534b9b88f21b122ff9d0aac2a316c1baf360ca961295b8f3dc546
1862,benign,yshan_251125_tile_34_34_0_conf0.86.png,4,Benign,3,11626,a4cc69f4ea58d8d09b50c5d4fc7dd4996331071481ddd6d5eac3a9aa2d5373d8
1863,benign,ywen_251125_tile_12_18_2_conf0.66.png,4,Benign,7,9878,281bcf2a845115d61764e17b96480c5ac5caca4b1726ffd7d89b01bf93c34897
1864,benign,ywen_251125_tile_14_8_2_conf0.60.png,4,Benign,7,12042,62d7c333b898d57fc5cc5ac83c632b965c8657bedbc8474d693da8c814e96a31
1865,benign,ywen_251125_tile_15_27_1_conf0.70.png,4,Benign,5,11162,c5dc2182d76a4c2b65c1a5fd26073834f0b4220f06a6b2b0929007761ca9b6ce
1866,benign,ywen_251125_tile_15_36_2_conf0.56.png,4,Benign,3,8911,8f95a78578779231b4be69eb53f603836b4b2cf636888ce5907909d80395c47e
1867,benign,ywen_251125_tile_18_36_0_conf0.89.png,4,Benign,5,7998,509dd5502224261ec2c0521d34f7de1d59d777afd7e29f1cef33baa347ad4714
1868,benign,ywen_251125_tile_18_39_0_conf0.69.png,4,Benign,7,6986,4adf37b39f9d850575e1c2bdd6b9b58d534a5893ec2198640c11aca87dec03ca
1869,benign,ywen_251125_tile_18_40_0_conf0.82.png,4,Benign,7,8209,0dc9fa5b937bfdfcf5e7f4cc1262a3c3bf66b65243a55d195382a7537956c83c
1870,benign,ywen_251125_tile_19_40_0_conf0.86.png,4,Benign,7,14105,7109bf8c2ff31ba4a23b9330b470a024071fa6b58568e82692a37d1ee83ad11a
1871,benign,ywen_251125_tile_23_15_1_conf0.77.png,4,Benign,9,28018,5da09c579ce399d6f512fc5154c8d084dc983b2d592f7d36c4273f21cdf94683
1872,benign,ywen_251125_tile_23_38_0_conf0.81.png,4,Benign,1,21975,1a410ea7c3836a7fffd47ec30c442aacc1927f5803faebadca32ddeee0492662
1873,benign,ywen_251125_tile_25_35_0_conf0.85.png,4,Benign,7,14444,1f73c8983a74b41285cb8ac421bfdc5fbd57dfad4e4b9ccdcdd1ae1eba1e4559
1874,benign,ywen_251125_tile_26_22_0_conf0.76.png,4,Benign,9,33718,b4c0208a44dcfa75b328fe7cf116ea8869a2c7604831843813bc0c681f97c7b1
1875,benign,ywen_251125_tile_29_7_1_conf0.77.png,4,Benign,7,9087,26719ae946a9301272677474db5718b0ad7c7c88a36d0d36a06ce79a0236a09d
1876,benign,ywen_251125_tile_31_9_3_conf0.77.png,4,Benign,5,12084,ce0080e168bde9b37425c6a37d3285525cf4695130b48921cb4ef11ab004697c
1877,benign,ywen_251125_tile_37_32_8_conf0.50.png,4,Benign,7,18322,1e57071a7c2445530aed4f76d5dbbdede395f8db6292ee54375a12af112ff1fa
1878,benign,ywen_251125_tile_5_31_2_conf0.46.png,4,Benign,7,19662,6aedf7c8c6dfa7e57fb36614fb2d1637deb6026220c36fec39fdbdc695b21c4c
1879,benign,ywen_251125_tile_6_31_2_conf0.82.png,4,Benign,7,9662,def7b02f60d905f87759411c2c0c7e94d22edeffda2d45539f40379f032046c4
1880,benign,ywen_251125_tile_6_32_0_conf0.86.png,4,Benign,5,9802,7fec160c1cb72d6258de9375d04f4c0fa291e02373f3e4c931bc6e8ab9a1f65a
1881,benign,ywen_251125_tile_8_22_0_conf0.87.png,4,Benign,1,30446,d7303f723e8e6eaacb46c092d9dc91a0e0510f686de32f2a3a425033ee046fac
1882,benign,ywen_251125_tile_8_34_0_conf0.75.png,4,Benign,7,11983,358b3797045b8ff492dfd4e37147d57e48fc1df2475fd108b40f65b8a32c92f5
1883,benign,ywen_251125_tile_8_34_4_conf0.55.png,4,Benign,7,12284,c06ace38b7e839eb88332ee62eb80df9ec4214ddda82fc197bc6e449598f5b0b
1884,benign,ywen_251125_tile_9_11_13_conf0.52.png,4,Benign,7,14082,6f1bb8d0a60562ff623c6e72e161007041955b540c85c7782da5768913cfc408
1885,benign,yxyan_251125_tile_31_29_2_conf0.46.png,4,Benign,2,30421,dd3789f5239bdb750aa6a5c8b85ed5028a5e319e34ca13cc35b494eda4614f68
1886,benign,yxyan_251125_tile_41_31_1_conf0.70.png,4,Benign,1,56800,964569043d20ce94628e280b8c39b6f4da170eabf1048074144f45f80ecae9bf
1887,benign,yxyan_251125_tile_41_5_0_conf0.80.png,4,Benign,9,43468,7b57b993d2200e114466f44d98dad34f3020aae870f6ef480a69e0540155bca8
1888,benign,yxyan_251125_tile_44_26_0_conf0.71.png,4,Benign,6,46455,bc9523982c6bb46b5e087270eae49e26ec1cba49eb6ff390b016a0420ba603e7
1889,benign,yxyan_tile_17_40_0_conf0.69.png,4,Benign,5,16026,7e8da416b68f3febaf48cb391fa5cd46f1cb9635b65d5786f89d68753c2b6c4a
1890,benign,yxyan_tile_17_44_0_conf0.86.png,4,Benign,3,7249,aecb6ad671a5e2528651252706582d0f0744e8aa506e3f845e7391187c7244ea
1891,benign,yxyan_tile_17_47_1_conf0.66.png,4,Benign,9,24013,947416b9d7f3d040780b77a376a87df32ffef5204ccbb26e178f9497e319c61e
1892,benign,yxyan_tile_22_32_0_conf0.87.png,4,Benign,6,111084,7a40a02fbfa3f4ee4ba39db2501aa3e6832c0eff1a88cf784b9b517cddaed48c
1893,benign,yxyan_tile_22_32_2_conf0.85.png,4,Benign,3,11319,7ca6b93892ba5b0f0be495d366411bf566b95cb97d044799026f588358da9f78
1894,benign,yxyan_tile_25_8_0_conf0.82.png,4,Benign,9,23350,55b771ad889a71b3c4baacc4f533a5e11278f44c2b3be2a241adc7ddd0e8b505
1895,benign,yxyan_tile_26_26_0_conf0.66.png,4,Benign,4,8208,99d8853b1cc716b9513a00dc637a9ec9b7ef1331a1e67119cba344d2da02550d
1896,benign,yxyan_tile_29_17_0_conf0.70.png,4,Benign,2,9513,165f47c253495a7c7130d10bbb289c49676d66fac7fae19fba25332fb4e167c4
1897,benign,yxyan_tile_31_10_2_conf0.70.png,4,Benign,6,108003,e36f721a436f328ec91d27c15e9d267d6dba66f925db743bd9e700ad4d873c7f
1898,benign,yxyan_tile_31_11_1_conf0.72.png,4,Benign,5,6061,bd1c7953c176c37999b3cc56a1840ce8658fcf46f25ba1c6081c6e09ed3b3ddd
1899,benign,yxyan_tile_38_24_0_conf0.75.png,4,Benign,6,60914,322a13d4931e64fe570a6572f12487497a1857f6bc00b60c9c2738f53c54d4db
1900,benign,yxyan_tile_41_10_0_conf0.90.png,4,Benign,3,13717,1b70eb1d759637a47589145c8474df57b30f432a501428708c2d09fcb5f04d34
1901,benign,yxyan_tile_6_13_0_conf0.89.png,4,Benign,9,65147,1f50a2bc5628088c91cd9c26927db61b197f4769037c0294c09afa512584f837
1902,benign,yxyan_tile_7_12_0_conf0.84.png,4,Benign,1,43175,a3e5bc4b6f5aac318b60f033b99aa2df2598b08c539a830ecb30b1811abc0eb3
1903,benign,zbguang_251125_tile_11_35_5_conf0.41.png,4,Benign,6,82192,fbaff1ccede85cc6f419e1037f8ac0914459dca4547623f5bd35306c37b24e17
1904,benign,zbguang_251125_tile_12_16_2_conf0.84.png,4,Benign,1,27672,eda98c5ac2182a563f554ee984f01c6dc0f61152bc9a7bd74b2a3ee4eb992dfb
1905,benign,zbguang_251125_tile_13_19_8_conf0.68.png,4,Benign,1,38040,fce2af561f83b2b2a9a3d0628c7ff97929b4dbf4d83b68db2dc8819c3e1fa6b7
1906,benign,zbguang_251125_tile_14_6_4_conf0.83.png,4,Benign,9,24391,5b6c147f809ad0fe07e37b69392791a2746e649d23c75bd88407e9ff0a3cad2c
1907,benign,zbguang_251125_tile_17_15_10_conf0.75.png,4,Benign,1,20956,15c7cf23585031ab3aab486e0248552cb49b0d4e95c5e51ad68282ff5bc871cd
1908,benign,zbguang_251125_tile_17_4_0_conf0.80.png,4,Benign,1,11428,1a4eba2f22ec8176776c610889bd8d208f5e5aa3be1ab88a0518d8733c8ddd4b
1909,benign,zbguang_251125_tile_18_5_0_conf0.86.png,4,Benign,5,9246,7dbbe11717e3e14c69e79e68997209a8ef8bf1c86ef8a91b086dc3b85fbf7393
1910,benign,zbguang_251125_tile_20_15_10_conf0.43.png,4,Benign,9,28652,f38d4259ba358455a8eb667fe6b2979bcb5f7789cec87c1cbe0de301bbaa0b91
1911,benign,zbguang_251125_tile_20_15_6_conf0.73.png,4,Benign,2,13049,d180016e8723814c22e88913c4933cb9468cae179026e22f6bc630a6e106f3c8
1912,benign,zbguang_251125_tile_20_15_9_conf0.45.png,4,Benign,7,12245,868159dc9dfdec2acfa2df72b1d94b75a40a605288726c194ff0dca605e4f67b
1913,benign,zbguang_251125_tile_20_22_2_conf0.68.png,4,Benign,7,16312,4a5cfb66cf616496cbb5cebff0ee3b75d462585a4008d8284f2f5cadd90fb31f
1914,benign,zbguang_251125_tile_20_39_0_conf0.53.png,4,Benign,7,12507,9c07b42b9ff095c12572e7e02af2716c75a4dc37022b2c29378121905ab13ba4
1915,benign,zbguang_251125_tile_20_6_1_conf0.83.png,4,Benign,7,9031,c74f46bfa7fd4a6df42fa49c8b26fd90e43adadffe865c9e5943c6a285c173f2
1916,benign,zbguang_251125_tile_20_7_4_conf0.56.png,4,Benign,1,11323,f25818201baadbdcf0d140ef04db5ea146f165ad8ef00decae5dcf267ae41d72
1917,benign,zbguang_251125_tile_21_4_1_conf0.83.png,4,Benign,9,26513,1f7eb3a91e130e7fc364477299d603bb7327f66e38da30a3f850a59ea6273554
1918,benign,zbguang_251125_tile_25_37_4_conf0.50.png,4,Benign,9,37922,31260eaf4837f7e59b500b7a4063b45a6a1df939e4d17a1575257e96c5ceaa1b
1919,benign,zbguang_251125_tile_26_25_10_conf0.47.png,4,Benign,6,86352,e5b4bffe41b72d44f1d36df0ae4df55b82888a7fb7621d5d7b5a45aa8caa3d36
1920,benign,zbguang_251125_tile_28_27_0_conf0.84.png,4,Benign,1,37321,bd6bda533d51427f9afaeec86eaa67344afafc27a6c4f2ed11088c5af8d51c5a
1921,benign,zbguang_251125_tile_28_28_4_conf0.78.png,4,Benign,5,10638,4c74acd10ca2f7299139e14f997423f8064deb5f21a6c843edfbe02cb1b33652
1922,benign,zbguang_251125_tile_2_23_0_conf0.83.png,4,Benign,9,33502,03c808bd2fd5e06ca5eef5bf8c0815d8da254b9497fc2078cf83576357571079
1923,benign,zbguang_251125_tile_35_32_5_conf0.69.png,4,Benign,1,27900,d197c749a7fb5d18319d76d7eca870aa664e5df36352e3f7e2705728c99808e9
1924,benign,zbguang_251125_tile_9_29_1_conf0.54.png,4,Benign,5,5780,85b30a4c51735debfee8130178cf6c074b3960e7b780b39adac4a12ec618d27a
1925,benign,zcying_251125_tile_15_1_0_conf0.77.png,4,Benign,1,14044,b75a1b4b581cb131b35768b2dfc24601a638735b837254304d44884894699ec2
1926,benign,zcying_251125_tile_16_20_0_conf0.87.png,4,Benign,4,14593,6deb8a88717b3f92c79a9a08189ac9678930baef5f67e96f90139cc9d79c41ad
1927,benign,zcying_251125_tile_16_20_1_conf0.73.png,4,Benign,6,40112,0d6318b2d9da1725c275d929bebefb3a52502df63c64883dfbf035ab9d4c3dc9
1928,benign,zcying_251125_tile_22_52_0_conf0.67.png,4,Benign,7,12403,c7a07c16881075500676d4fd2bc78835bd11eaea7de63736dac5125a99be5398
1929,benign,zcying_251125_tile_26_55_0_conf0.76.png,4,Benign,4,18291,c23c5626a9e30c65566e388a9f6fd178876d4e584164dec6ca787e077b48ce49
1930,benign,zcying_251125_tile_26_70_0_conf0.84.png,4,Benign,4,20443,615b322316198951d4e78afd2e31d38d7b48919cd3ed9a9c420cc07b3e2dfddf
1931,benign,zcying_251125_tile_28_69_0_conf0.87.png,4,Benign,3,15068,ffbd700f8014c700ef5b12bdb75337b5dbba7352fa83ea0397abafbb2588c961
1932,benign,zcying_251125_tile_32_69_0_conf0.73.png,4,Benign,7,43111,4ce15a44ce5d2f3929dd44400d11f8ad354ff91f5e7ad6bbf8a3eff6b88fde69
1933,benign,zcying_251125_tile_32_70_1_conf0.71.png,4,Benign,4,39173,1980686ee469bb97cd81d00c5d73d937f30349141933facb4cf10b14f3bdac44
1934,benign,zcying_251125_tile_41_65_0_conf0.81.png,4,Benign,4,19611,607fba255af14f4924607d6d4a7f7a150029ab75031add0baf32552a796f36b9
1935,benign,zcying_251125_tile_41_73_0_conf0.60.png,4,Benign,4,26605,e90ff1573b31bad03235bac88b12a52119c5394cf3bae2747a3fa517db452b3f
1936,benign,zcying_251125_tile_52_71_0_conf0.54.png,4,Benign,1,44713,43147b8101efa0314274aae5ecd6b097e09dbaee22729541c55208148391e73b
1937,benign,zcying_251125_tile_54_48_0_conf0.79.png,4,Benign,4,17156,4c2dbe2b1d83805636e1bbd133ab52de04704e73221b5ccb3d79b04e512273b0
1938,benign,zcying_251125_tile_58_51_0_conf0.86.png,4,Benign,4,17716,ecee0892601a4357d0f1f272e252910920ba4418f35d052427f40524cad5df04
1939,benign,zcying_251125_tile_58_58_0_conf0.82.png,4,Benign,4,17016,f83f6f261a1ddeebaef7c5660087ec328ebfa2868b035ef3f113efee4a399821
1940,benign,zcying_251125_tile_62_48_0_conf0.65.png,4,Benign,4,18226,1246db257c41c72957c3c03b805529745e09c83f56609411810dafa101de4c3c
1941,benign,zcying_251125_tile_71_27_0_conf0.82.png,4,Benign,7,19151,11446272e6f8def3a2b880a2dfada3726675c4ecd9ce57dceb4640101431284f
1942,benign,zcying_251125_tile_72_2_0_conf0.83.png,4,Benign,7,12836,030cd14e07b0f10978316ebaefe68bc5bcd9a714b08a2e4be58cb308278aed86
1943,benign,zcying_251125_tile_72_32_0_conf0.63.png,4,Benign,4,29443,7be6324373f42ef4a7de1786fe11b3eef770dd58829d2c07e68986dee22f1414
1944,benign,zhgen_251125_tile_20_6_2_conf0.46.png,4,Benign,4,17011,e80bcc9c3c6758736b8c0826637862df9e56688b6e1b2e661ecc09567ef33a78
1945,benign,zhgen_251125_tile_33_7_2_conf0.51.png,4,Benign,5,8297,49ea4135305ff541d0c6a73cacec938850bc098c369454a34f4b466a0ad7b57e
1946,benign,zhgen_251125_tile_34_36_2_conf0.50.png,4,Benign,7,6849,c84f29a43d55d3e275b5f4cedb3ec7cf7215967b7b53913fcf10c626f5bd60d6
1947,benign,zhgen_251125_tile_34_6_0_conf0.72.png,4,Benign,3,7557,a77de7af6e8199eef12a6a9ca26619d26130c4b36262d07238403e074abb9c3f
1948,benign,zhgen_tile_21_3_0_conf0.80.png,4,Benign,0,13339,19e46b9a84001695df35afd8580ec9ffad71d92582688ae38ac9a4ffe4118743
1949,benign,zhgen_tile_30_40_0_conf0.82.png,4,Benign,7,7483,a8fffd73647976c8fe20d1bfabce2ffa1449b03560c51a887423a59d9f1c0e2f
1950,benign,zhgen_tile_43_22_1_conf0.48.png,4,Benign,4,21314,cecd24a563a648035abd6a26b1a02cf0c29038d93ad0e72909a7b0233a4e0b64
1951,benign,zhgen_tile_5_20_0_conf0.79.png,4,Benign,4,16244,0ed22200d583ac5f8fcf346cb7d7af5b87d47b62e14b68b642e2c9367e084737
1952,benign,zhgen_tile_7_31_0_conf0.74.png,4,Benign,3,17842,8a10853061a78d0d5d13890a567c43f23a61a61a802d3c8ac86c70daaabf7283
1953,benign,zhgen_tile_7_31_1_conf0.70.png,4,Benign,3,11065,27539e1d0aabf77d7e5162a5026b5f7484faaa29f75e93b331ec5982d564d5d8
1954,benign,zhgen_zhgen_tile_20_41_1_conf0.56.png,4,Benign,3,12341,986112c480188cb4aff27a4e93c7836d2795b23a8196882f88ba90153dc9fb8a
1955,benign,zjuan_251125_tile_15_12_0_conf0.83.png,4,Benign,4,31362,4eea464c11b2581ce45794ac7e2903a2c019a5891a18d025fb2ffce7734fce89
1956,benign,zjuan_251125_tile_16_12_3_conf0.62.png,4,Benign,5,10271,19551dfcb650353c102a5c562bcaa881854fd95f2b749d3163f0d4e5600458ff
1957,benign,zjuan_251125_tile_16_21_0_conf0.88.png,4,Benign,1,31599,affb08b21176918a3c6fbeccef16435980c38e10fb88ea8607707c3b50898819
1958,benign,zjuan_251125_tile_17_9_2_conf0.66.png,4,Benign,4,32354,f8eca25f258173ff2c1a71295155f82c72966cd9f0b277f5a72bdf443b041526
1959,benign,zjuan_251125_tile_20_31_0_conf0.91.png,4,Benign,0,18817,b708e52774b80d4a062f8bb40097b4ab5f4ff628eb2393875892b3c27cb0a52f
1960,benign,zjuan_251125_tile_21_42_0_conf0.75.png,4,Benign,4,13434,532ed51c575074a842a9b77248413577211802556aeacf0ec35597a3c03b8021
1961,benign,zjuan_251125_tile_24_11_0_conf0.88.png,4,Benign,7,27539,58c735e583b79bc17e0f4a8dc30fdf2e12c9625cda3a4bc9247504a6e9772b7d
1962,benign,zjuan_251125_tile_26_11_5_conf0.45.png,4,Benign,5,5342,492f767b3e9c2b8b2390839e23065d8b457313c61417dd5d1663d464d81bdf84
1963,benign,zjuan_251125_tile_26_21_1_conf0.63.png,4,Benign,6,101476,7f5f9985705707c1a7719e888a35f35778b0648a4f3ccd4e0ae6264dbe0d55c4
1964,benign,zjuan_251125_tile_36_27_2_conf0.67.png,4,Benign,7,11843,9906ee2e4b26b7cbedd7180bdb78b8ba400101c62269007af7f35080adb5b1ea
1965,benign,zjuan_251125_tile_36_29_1_conf0.80.png,4,Benign,7,14553,ee3c8e8bb8fd9cfbc612218066cc101b9eb15cf890bd4ca4674681af2a061797
1966,benign,zjuan_251125_tile_36_31_2_conf0.76.png,4,Benign,7,11950,2e43aab6e6f35d5b049ce638dbb32d3b7739c80bed780f4d3a7464aee4db78cd
1967,benign,zjuan_251125_tile_39_15_2_conf0.42.png,4,Benign,5,4884,51f1c203109d34ca61495d17f1a5dc2f5e8dd1c9b1cee73f29cf15ba42a68cbf
1968,benign,zjuan_251125_tile_45_14_0_conf0.79.png,4,Benign,6,102185,01503315841d134a3bc4735dbeaedcb0fc6eef9d4c653334daf12a52fbe0d516
1969,benign,zjuan_251125_tile_45_28_1_conf0.69.png,4,Benign,6,88484,f46f596444d8cf6a0421baf118d6cb1c41a800a9cda4942a73e570dfe7dde663
1970,benign,zjuan_251125_tile_46_15_0_conf0.46.png,4,Benign,6,146822,f411ca0a115a5b18acac8dbdabdadef9658cc4cbd3e582814df4915d25d5bfe5
1971,benign,zxhua_251125_tile_12_35_0_conf0.80.png,4,Benign,2,11387,5e2cbd2268cdf0f8f7ed290baac6c9d64c6cb03a2c510cd76b35f1f9dea5547a
1972,benign,zxhua_251125_tile_13_20_4_conf0.61.png,4,Benign,9,23501,c70677df0d40a8ffdbc23c8aecffb4019af36ca48724ff6e0e25a91272d3aac0
1973,benign,zxhua_251125_tile_16_34_1_conf0.65.png,4,Benign,6,39813,0b7054753a56483f40e80edddda6cce03f7a8c13b17b8bb5f973db1fed38c9b9
1974,benign,zxhua_251125_tile_16_36_1_conf0.86.png,4,Benign,2,13558,7e82a8068855983964a5bc5ee334e7a4b258a2820e9e43cc3e574c58674bf7c0
1975,benign,zxhua_251125_tile_16_39_3_conf0.74.png,4,Benign,1,13835,f3fa66b4bdf269fac847439445b22e4a34945d7fad2d5488c7f7b4689249b988
1976,benign,zxhua_251125_tile_17_35_0_conf0.79.png,4,Benign,9,27507,800ba29b558fcbca7b363e85bebe2463500f9f4cadfcde0441460e99886765b1
1977,benign,zxhua_251125_tile_18_17_0_conf0.83.png,4,Benign,9,15791,43405a38a419804587e2d0af6664ba95d6ab43ce9ec884af56c88539d1d23d3a
1978,benign,zxhua_251125_tile_19_42_0_conf0.75.png,4,Benign,1,86510,2e39c512eb883d7fc5210e484d642c99244a1404df99d4aee74ef1e5afae6b4b
1979,benign,zxhua_251125_tile_27_34_2_conf0.75.png,4,Benign,9,69712,bcd4cb5be6fe51bf09ac6eed5e0a3e75c70dbce16da61e198aebf9880cc3f265
1980,benign,zxhua_251125_tile_28_43_0_conf0.79.png,4,Benign,6,66125,5373c67673e434c7054e38186876a799a2c5facf55b9c9c6b4b1f93dc7414987
1981,benign,zxhua_251125_tile_29_29_0_conf0.87.png,4,Benign,2,17328,d1de13ecbca564f149fb58647cdcc6660d12229e99ace427b1ab08e70c74b1da
1982,benign,zxhua_251125_tile_30_20_3_conf0.61.png,4,Benign,9,11101,2c43836925934b614ea9e3fb4a2ba3d6bd176569d4739b00080e3f8ddbee6450
1983,benign,zxhua_251125_tile_31_11_2_conf0.73.png,4,Benign,9,17760,0aeeeae8770ca490f67eecdd9f0c4480c76d1d853d60327d5f4227c9772cff2a
1984,benign,zxhua_251125_tile_31_26_3_conf0.81.png,4,Benign,9,18994,5ca1c7b8d742eff27189ef9c38769ce0e90660899fd59560d80fe5ec20ae9ddf
1985,benign,zxhua_251125_tile_31_28_0_conf0.78.png,4,Benign,2,12851,cafa3b8e81503ac6b84c7a54dbff7380b7be464c555d7ecb692f86a24d721fb5
1986,benign,zxhua_251125_tile_34_13_3_conf0.58.png,4,Benign,9,13995,29b928af5eb95b01cc89c1e3e68b36d20656a4eb03c9cdc68c224df70b0c0818
1987,benign,zxhua_251125_tile_34_15_0_conf0.88.png,4,Benign,6,65630,e6adeb2d8f500cec8866fa2b2fd24048083f6b5c960102c81bc4177fd0b6dd6f
1988,benign,zxhua_251125_tile_34_15_3_conf0.80.png,4,Benign,9,13315,34669ef4ef8b6217d9183f70339286f34cbbdc6d92e2587106f67f4bb9387803
1989,benign,zxhua_251125_tile_34_22_3_conf0.71.png,4,Benign,6,75064,0d969987b3a741e30b5d765e056766fd0fe8f6644fbab27a3f23a6ed8dd7a02d
1990,benign,zxhua_251125_tile_34_29_2_conf0.71.png,4,Benign,1,47723,c346c4006cb4625b14a51341fff60fe8e7701b8bc2c30cb5c1e7961f23270044
1991,benign,zxhua_251125_tile_34_7_0_conf0.85.png,4,Benign,2,14095,f83a45dd34ca88c8c8c36fa05cd9b139fcdbfa7ffcc4ae6122c6bfdc0aaa9e22
1992,benign,zxhua_251125_tile_36_25_1_conf0.80.png,4,Benign,1,16244,d86bfe81240006d1901c491b1c77ac4afde7f30dfea9a1c1817630eb91dd150c
1993,benign,zxhua_251125_tile_36_26_1_conf0.59.png,4,Benign,9,19940,1227b355ce8e078dee2e5af6021fa14ea06f45d30669fefc3b0043d5c346b89d
1994,benign,zychan_251125_tile_10_31_0_conf0.85.png,4,Benign,4,12194,9365437aeff0c9c5fe072450665b2f5428e90f7ae4c28db448f001c7f7dae3b4
1995,benign,zychan_251125_tile_11_15_0_conf0.76.png,4,Benign,5,11122,cff35871b49664eda4574e2f8850a369037a83c98c654d231c8e93a0ef5c481d
1996,benign,zychan_251125_tile_11_15_7_conf0.44.png,4,Benign,7,6931,f8b1af39515cf31dc4905d8462c8ae2a0dabfa104d5423871c8fcc12dd645109
1997,benign,zychan_251125_tile_11_20_0_conf0.69.png,4,Benign,4,6584,40c940d6d3344483279e5b789d5551c8b97b07d71e7043b04d8fb1240841bb54
1998,benign,zychan_251125_tile_11_29_12_conf0.59.png,4,Benign,0,10623,a83279f2a6b3c9e8333744da7185ad3ddd7ed042bbc507618ce813422f9e681e
1999,benign,zychan_251125_tile_11_31_8_conf0.62.png,4,Benign,5,8433,39d7267d3b4d96defd9e25310990b558aa6f7c92f86778f8ef3aa43e49983424
2000,benign,zychan_251125_tile_12_30_2_conf0.82.png,4,Benign,5,10551,b7e9714814b2f106d683d376a9076f0a271406c6d4284e2b4f3db7f9458b7010
2001,benign,zychan_251125_tile_12_35_3_conf0.67.png,4,Benign,4,9229,10e057acee8199885b9909345c20324e2179fbb13842bde051cbe6a01d39ee29
2002,benign,zychan_251125_tile_12_38_4_conf0.62.png,4,Benign,5,9264,fdcf10114612e9435b0d47f7ecd646cf04ba3e190cb879c341b69a69b719cfd8
2003,benign,zychan_251125_tile_13_22_1_conf0.80.png,4,Benign,7,8104,7fa27bcb8fa58c728853ebbbf35cb3e02f783afb92c5cfc32fbc01380b3f8000
2004,benign,zychan_251125_tile_14_31_8_conf0.42.png,4,Benign,7,7783,ef470e7d169484c5de0d47e13bbe2e1c30a502314531d166aed1267985842649
2005,benign,zychan_251125_tile_15_15_4_conf0.80.png,4,Benign,7,5958,3d8875d6446216ebc68b8166ea5337ba795d777c4369fa53241d6740c3828aaa
2006,benign,zychan_251125_tile_16_30_5_conf0.74.png,4,Benign,7,6733,108e0f6f6709321cd0deff5b2ae7783da1b385f2be4823c57b068ee284f1ec67
2007,benign,zychan_251125_tile_21_41_3_conf0.74.png,4,Benign,6,59608,91ec8b7ae408b76dcaaaab22673fc9868b8709e6464b9fb311ce0516db3b1091
2008,benign,zychan_251125_tile_28_33_2_conf0.78.png,4,Benign,6,66637,2e9d43db537bb921ea0916286e7aff4f7bb82aa4f707aa4598045ff33199c0ca
2009,benign,zychan_251125_tile_32_28_0_conf0.83.png,4,Benign,5,9049,6536b43cf529949619e49ecff8a24d87b194abc68cb78e75a1819690679c5699
2010,benign,zychan_251125_tile_32_31_4_conf0.79.png,4,Benign,5,8157,75bc70a77be4f2734235f1d5f69e21f34fb2b5600a842c7f5147a2c616c168d4
2011,benign,zychan_251125_tile_33_42_5_conf0.71.png,4,Benign,6,80572,a0c26ac9cd469c7f7bc5e1be80a6021c779184cc8296d7567f7c5d18999d046f
2012,benign,zychan_251125_tile_38_33_5_conf0.83.png,4,Benign,5,12077,6d7b555d22b0dd8a25621d297d9a6d6ceb61eb2412e10ec1a10a4fa3ebc9cffd
2013,benign,zychan_251125_tile_39_34_1_conf0.84.png,4,Benign,6,54900,9de2d51b2cee881e56cf49bf57897ee1b54f7e17daffe98b307cc759e3b606fe
2014,benign,zychan_251125_tile_42_34_1_conf0.75.png,4,Benign,6,83883,067722f7acab4847f1585157960c28adb0b0cff3d2f53bd62acb43f79b217a64
2015,benign,zychan_251125_tile_43_27_0_conf0.90.png,4,Benign,5,11018,d5c2d6c00ab4a8df39327ae7be310bbb6a76f6110e650cad0460e67bcb41e7c1
2016,benign,zychan_251125_tile_43_30_0_conf0.86.png,4,Benign,6,194099,f75835dd47a7276a4b8a5b0acc7223b8bf4b8acd2646cff87aaa3f6afae16040
2017,benign,zychan_251125_tile_44_24_6_conf0.48.png,4,Benign,6,88898,02d0a92401a615ca54555fb9c534a542a2a1224c4c6d2f972adc5ff47af62d28
2018,benign,zychan_251125_tile_6_29_1_conf0.43.png,4,Benign,6,140782,8babb1856dd118ab8f661faac7104f6f4051b0619ce6b1036100ec41d4c07948
2019,benign,zychan_251125_tile_7_28_0_conf0.82.png,4,Benign,7,6772,1162e021b1e463cb5ef40e1a92fed0635bab16ba08911c3324c05087ccce81e2
